{
    "description": "Generated sensor configuration for MLC core",
    "date": "2025-03-12 16:25:53",
    "json_format": {
        "type": "reg_config",
        "version": "2.0"
    },
    "application": {
        "name": "MLC Tool",
        "version": "2.0.7"
    },
    "sensors": [
        {
            "name": [
                "LSM6DSV16X"
            ],
            "outputs": [
                {
                    "name": "Categorical output",
                    "core": "MLC",
                    "type": "uint8_t",
                    "len": "1",
                    "reg_addr": "0x70",
                    "reg_name": "MLC1_SRC",
                    "results": [
                        {
                            "code": "0x00",
                            "label": "Straight_Slow"
                        },
                        {
                            "code": "0x01",
                            "label": "Break_Fast"
                        },
                        {
                            "code": "0x04",
                            "label": "Straight_Fast"
                        },
                        {
                            "code": "0x05",
                            "label": "Stationary"
                        },
                        {
                            "code": "0x08",
                            "label": "Turn_Slow"
                        },
                        {
                            "code": "0x09",
                            "label": "Little_Turbulence"
                        },
                        {
                            "code": "0x0C",
                            "label": "Turn_Fast"
                        }
                    ]
                }
            ],
            "fifo_encodings": [
                {
                    "tag": "0x1C",
                    "id": "0x03BE",
                    "label": "F1_MEAN_ACC_X"
                },
                {
                    "tag": "0x1C",
                    "id": "0x03C0",
                    "label": "F2_VARIANCE_ACC_X"
                },
                {
                    "tag": "0x1C",
                    "id": "0x03C2",
                    "label": "F3_PEAK_TO_PEAK_ACC_X"
                },
                {
                    "tag": "0x1C",
                    "id": "0x03C4",
                    "label": "F4_ABS_MEAN_GYR_V"
                },
                {
                    "tag": "0x1C",
                    "id": "0x03C6",
                    "label": "F5_MAXIMUM_GYR_Z"
                },
                {
                    "tag": "0x1C",
                    "id": "0x03C8",
                    "label": "F6_MEAN_ACC_Y"
                },
                {
                    "tag": "0x1C",
                    "id": "0x03CA",
                    "label": "F7_ENERGY_GYR_Z"
                },
                {
                    "tag": "0x1C",
                    "id": "0x03CC",
                    "label": "F8_PEAK_TO_PEAK_ACC_Y"
                },
                {
                    "tag": "0x1C",
                    "id": "0x03CE",
                    "label": "F9_ENERGY_GYR_X"
                },
                {
                    "tag": "0x1C",
                    "id": "0x03D0",
                    "label": "F10_MEAN_GYR_X"
                },
                {
                    "tag": "0x1C",
                    "id": "0x03D2",
                    "label": "F11_MEAN_ACC_Z"
                },
                {
                    "tag": "0x1C",
                    "id": "0x03D4",
                    "label": "F12_ABS_PEAK_TO_PEAK_GYR_V"
                },
                {
                    "tag": "0x1C",
                    "id": "0x03D6",
                    "label": "F13_MEAN_GYR_Y"
                },
                {
                    "tag": "0x1C",
                    "id": "0x03D8",
                    "label": "F14_MAXIMUM_GYR_X"
                },
                {
                    "tag": "0x1C",
                    "id": "0x03DA",
                    "label": "F15_VARIANCE_GYR_X"
                }
            ],
            "configuration": [
                {
                    "type": "write",
                    "address": "0x10",
                    "data": "0x00"
                },
                {
                    "type": "write",
                    "address": "0x11",
                    "data": "0x00"
                },
                {
                    "type": "write",
                    "address": "0x01",
                    "data": "0x80"
                },
                {
                    "type": "write",
                    "address": "0x04",
                    "data": "0x00"
                },
                {
                    "type": "write",
                    "address": "0x05",
                    "data": "0x00"
                },
                {
                    "type": "write",
                    "address": "0x17",
                    "data": "0x40"
                },
                {
                    "type": "write",
                    "address": "0x02",
                    "data": "0x11"
                },
                {
                    "type": "write",
                    "address": "0x08",
                    "data": "0xE8"
                },
                {
                    "type": "write",
                    "address": "0x09",
                    "data": "0x00"
                },
                {
                    "type": "write",
                    "address": "0x09",
                    "data": "0x3C"
                },
                {
                    "type": "write",
                    "address": "0x02",
                    "data": "0x11"
                },
                {
                    "type": "write",
                    "address": "0x08",
                    "data": "0xF1"
                },
                {
                    "type": "write",
                    "address": "0x09",
                    "data": "0x01"
                },
                {
                    "type": "write",
                    "address": "0x02",
                    "data": "0x21"
                },
                {
                    "type": "write",
                    "address": "0x08",
                    "data": "0x00"
                },
                {
                    "type": "write",
                    "address": "0x09",
                    "data": "0x00"
                },
                {
                    "type": "write",
                    "address": "0x02",
                    "data": "0x11"
                },
                {
                    "type": "write",
                    "address": "0x08",
                    "data": "0xEA"
                },
                {
                    "type": "write",
                    "address": "0x09",
                    "data": "0xAA"
                },
                {
                    "type": "write",
                    "address": "0x09",
                    "data": "0x03"
                },
                {
                    "type": "write",
                    "address": "0x09",
                    "data": "0xBE"
                },
                {
                    "type": "write",
                    "address": "0x09",
                    "data": "0x03"
                },
                {
                    "type": "write",
                    "address": "0x09",
                    "data": "0x01"
                },
                {
                    "type": "write",
                    "address": "0x09",
                    "data": "0x00"
                },
                {
                    "type": "write",
                    "address": "0x09",
                    "data": "0x14"
                },
                {
                    "type": "write",
                    "address": "0x02",
                    "data": "0x11"
                },
                {
                    "type": "write",
                    "address": "0x08",
                    "data": "0xF2"
                },
                {
                    "type": "write",
                    "address": "0x09",
                    "data": "0xFF"
                },
                {
                    "type": "write",
                    "address": "0x02",
                    "data": "0x11"
                },
                {
                    "type": "write",
                    "address": "0x08",
                    "data": "0xFA"
                },
                {
                    "type": "write",
                    "address": "0x09",
                    "data": "0x5C"
                },
                {
                    "type": "write",
                    "address": "0x09",
                    "data": "0x03"
                },
                {
                    "type": "write",
                    "address": "0x09",
                    "data": "0xDC"
                },
                {
                    "type": "write",
                    "address": "0x09",
                    "data": "0x03"
                },
                {
                    "type": "write",
                    "address": "0x09",
                    "data": "0xE8"
                },
                {
                    "type": "write",
                    "address": "0x09",
                    "data": "0x03"
                },
                {
                    "type": "write",
                    "address": "0x02",
                    "data": "0x31"
                },
                {
                    "type": "write",
                    "address": "0x08",
                    "data": "0x5C"
                },
                {
                    "type": "write",
                    "address": "0x09",
                    "data": "0x3F"
                },
                {
                    "type": "write",
                    "address": "0x09",
                    "data": "0x00"
                },
                {
                    "type": "write",
                    "address": "0x09",
                    "data": "0x00"
                },
                {
                    "type": "write",
                    "address": "0x09",
                    "data": "0x04"
                },
                {
                    "type": "write",
                    "address": "0x09",
                    "data": "0x00"
                },
                {
                    "type": "write",
                    "address": "0x09",
                    "data": "0x00"
                },
                {
                    "type": "write",
                    "address": "0x09",
                    "data": "0x01"
                },
                {
                    "type": "write",
                    "address": "0x09",
                    "data": "0x04"
                },
                {
                    "type": "write",
                    "address": "0x09",
                    "data": "0x00"
                },
                {
                    "type": "write",
                    "address": "0x09",
                    "data": "0x00"
                },
                {
                    "type": "write",
                    "address": "0x09",
                    "data": "0x00"
                },
                {
                    "type": "write",
                    "address": "0x09",
                    "data": "0x00"
                },
                {
                    "type": "write",
                    "address": "0x09",
                    "data": "0x03"
                },
                {
                    "type": "write",
                    "address": "0x09",
                    "data": "0x04"
                },
                {
                    "type": "write",
                    "address": "0x09",
                    "data": "0x00"
                },
                {
                    "type": "write",
                    "address": "0x09",
                    "data": "0xFC"
                },
                {
                    "type": "write",
                    "address": "0x09",
                    "data": "0x00"
                },
                {
                    "type": "write",
                    "address": "0x09",
                    "data": "0x7C"
                },
                {
                    "type": "write",
                    "address": "0x09",
                    "data": "0x00"
                },
                {
                    "type": "write",
                    "address": "0x09",
                    "data": "0xA4"
                },
                {
                    "type": "write",
                    "address": "0x09",
                    "data": "0x00"
                },
                {
                    "type": "write",
                    "address": "0x09",
                    "data": "0x00"
                },
                {
                    "type": "write",
                    "address": "0x09",
                    "data": "0x11"
                },
                {
                    "type": "write",
                    "address": "0x09",
                    "data": "0x20"
                },
                {
                    "type": "write",
                    "address": "0x09",
                    "data": "0x00"
                },
                {
                    "type": "write",
                    "address": "0x09",
                    "data": "0xFC"
                },
                {
                    "type": "write",
                    "address": "0x09",
                    "data": "0x00"
                },
                {
                    "type": "write",
                    "address": "0x09",
                    "data": "0x7C"
                },
                {
                    "type": "write",
                    "address": "0x09",
                    "data": "0x00"
                },
                {
                    "type": "write",
                    "address": "0x09",
                    "data": "0x08"
                },
                {
                    "type": "write",
                    "address": "0x09",
                    "data": "0x00"
                },
                {
                    "type": "write",
                    "address": "0x09",
                    "data": "0x00"
                },
                {
                    "type": "write",
                    "address": "0x09",
                    "data": "0x02"
                },
                {
                    "type": "write",
                    "address": "0x09",
                    "data": "0x20"
                },
                {
                    "type": "write",
                    "address": "0x09",
                    "data": "0x00"
                },
                {
                    "type": "write",
                    "address": "0x09",
                    "data": "0x00"
                },
                {
                    "type": "write",
                    "address": "0x09",
                    "data": "0x03"
                },
                {
                    "type": "write",
                    "address": "0x09",
                    "data": "0x08"
                },
                {
                    "type": "write",
                    "address": "0x09",
                    "data": "0x00"
                },
                {
                    "type": "write",
                    "address": "0x09",
                    "data": "0xFC"
                },
                {
                    "type": "write",
                    "address": "0x09",
                    "data": "0x00"
                },
                {
                    "type": "write",
                    "address": "0x09",
                    "data": "0x7C"
                },
                {
                    "type": "write",
                    "address": "0x09",
                    "data": "0x02"
                },
                {
                    "type": "write",
                    "address": "0x09",
                    "data": "0x18"
                },
                {
                    "type": "write",
                    "address": "0x09",
                    "data": "0x00"
                },
                {
                    "type": "write",
                    "address": "0x09",
                    "data": "0x00"
                },
                {
                    "type": "write",
                    "address": "0x09",
                    "data": "0x00"
                },
                {
                    "type": "write",
                    "address": "0x09",
                    "data": "0x18"
                },
                {
                    "type": "write",
                    "address": "0x09",
                    "data": "0x00"
                },
                {
                    "type": "write",
                    "address": "0x09",
                    "data": "0x00"
                },
                {
                    "type": "write",
                    "address": "0x09",
                    "data": "0x00"
                },
                {
                    "type": "write",
                    "address": "0x09",
                    "data": "0x0C"
                },
                {
                    "type": "write",
                    "address": "0x09",
                    "data": "0x00"
                },
                {
                    "type": "write",
                    "address": "0x09",
                    "data": "0x00"
                },
                {
                    "type": "write",
                    "address": "0x09",
                    "data": "0x03"
                },
                {
                    "type": "write",
                    "address": "0x09",
                    "data": "0xA4"
                },
                {
                    "type": "write",
                    "address": "0x09",
                    "data": "0x00"
                },
                {
                    "type": "write",
                    "address": "0x09",
                    "data": "0xFC"
                },
                {
                    "type": "write",
                    "address": "0x09",
                    "data": "0x00"
                },
                {
                    "type": "write",
                    "address": "0x09",
                    "data": "0x7C"
                },
                {
                    "type": "write",
                    "address": "0x09",
                    "data": "0x00"
                },
                {
                    "type": "write",
                    "address": "0x09",
                    "data": "0x1C"
                },
                {
                    "type": "write",
                    "address": "0x09",
                    "data": "0x00"
                },
                {
                    "type": "write",
                    "address": "0x09",
                    "data": "0x00"
                },
                {
                    "type": "write",
                    "address": "0x09",
                    "data": "0x11"
                },
                {
                    "type": "write",
                    "address": "0x09",
                    "data": "0x18"
                },
                {
                    "type": "write",
                    "address": "0x09",
                    "data": "0x00"
                },
                {
                    "type": "write",
                    "address": "0x09",
                    "data": "0xFC"
                },
                {
                    "type": "write",
                    "address": "0x09",
                    "data": "0x00"
                },
                {
                    "type": "write",
                    "address": "0x09",
                    "data": "0x7C"
                },
                {
                    "type": "write",
                    "address": "0x09",
                    "data": "0x01"
                },
                {
                    "type": "write",
                    "address": "0x09",
                    "data": "0x18"
                },
                {
                    "type": "write",
                    "address": "0x09",
                    "data": "0x00"
                },
                {
                    "type": "write",
                    "address": "0x09",
                    "data": "0x00"
                },
                {
                    "type": "write",
                    "address": "0x09",
                    "data": "0x00"
                },
                {
                    "type": "write",
                    "address": "0x09",
                    "data": "0x00"
                },
                {
                    "type": "write",
                    "address": "0x09",
                    "data": "0x1F"
                },
                {
                    "type": "write",
                    "address": "0x09",
                    "data": "0x00"
                },
                {
                    "type": "write",
                    "address": "0x02",
                    "data": "0x31"
                },
                {
                    "type": "write",
                    "address": "0x08",
                    "data": "0xDC"
                },
                {
                    "type": "write",
                    "address": "0x09",
                    "data": "0x00"
                },
                {
                    "type": "write",
                    "address": "0x09",
                    "data": "0x00"
                },
                {
                    "type": "write",
                    "address": "0x09",
                    "data": "0x00"
                },
                {
                    "type": "write",
                    "address": "0x09",
                    "data": "0x00"
                },
                {
                    "type": "write",
                    "address": "0x09",
                    "data": "0x00"
                },
                {
                    "type": "write",
                    "address": "0x09",
                    "data": "0x00"
                },
                {
                    "type": "write",
                    "address": "0x09",
                    "data": "0x00"
                },
                {
                    "type": "write",
                    "address": "0x09",
                    "data": "0x00"
                },
                {
                    "type": "write",
                    "address": "0x09",
                    "data": "0x00"
                },
                {
                    "type": "write",
                    "address": "0x09",
                    "data": "0x00"
                },
                {
                    "type": "write",
                    "address": "0x09",
                    "data": "0x00"
                },
                {
                    "type": "write",
                    "address": "0x01",
                    "data": "0x00"
                },
                {
                    "type": "write",
                    "address": "0x01",
                    "data": "0x80"
                },
                {
                    "type": "write",
                    "address": "0x17",
                    "data": "0x40"
                },
                {
                    "type": "write",
                    "address": "0x02",
                    "data": "0x31"
                },
                {
                    "type": "write",
                    "address": "0x08",
                    "data": "0xE8"
                },
                {
                    "type": "write",
                    "address": "0x09",
                    "data": "0x71"
                },
                {
                    "type": "write",
                    "address": "0x09",
                    "data": "0x1E"
                },
                {
                    "type": "write",
                    "address": "0x09",
                    "data": "0x0D"
                },
                {
                    "type": "write",
                    "address": "0x09",
                    "data": "0x81"
                },
                {
                    "type": "write",
                    "address": "0x09",
                    "data": "0xBF"
                },
                {
                    "type": "write",
                    "address": "0x09",
                    "data": "0xA9"
                },
                {
                    "type": "write",
                    "address": "0x09",
                    "data": "0x25"
                },
                {
                    "type": "write",
                    "address": "0x09",
                    "data": "0xC5"
                },
                {
                    "type": "write",
                    "address": "0x09",
                    "data": "0x74"
                },
                {
                    "type": "write",
                    "address": "0x09",
                    "data": "0x3F"
                },
                {
                    "type": "write",
                    "address": "0x09",
                    "data": "0x80"
                },
                {
                    "type": "write",
                    "address": "0x09",
                    "data": "0xA6"
                },
                {
                    "type": "write",
                    "address": "0x09",
                    "data": "0x1C"
                },
                {
                    "type": "write",
                    "address": "0x09",
                    "data": "0x2E"
                },
                {
                    "type": "write",
                    "address": "0x09",
                    "data": "0x0A"
                },
                {
                    "type": "write",
                    "address": "0x09",
                    "data": "0x83"
                },
                {
                    "type": "write",
                    "address": "0x09",
                    "data": "0x86"
                },
                {
                    "type": "write",
                    "address": "0x09",
                    "data": "0x9D"
                },
                {
                    "type": "write",
                    "address": "0x09",
                    "data": "0x07"
                },
                {
                    "type": "write",
                    "address": "0x09",
                    "data": "0x89"
                },
                {
                    "type": "write",
                    "address": "0x09",
                    "data": "0x7C"
                },
                {
                    "type": "write",
                    "address": "0x09",
                    "data": "0x21"
                },
                {
                    "type": "write",
                    "address": "0x09",
                    "data": "0x68"
                },
                {
                    "type": "write",
                    "address": "0x09",
                    "data": "0xC5"
                },
                {
                    "type": "write",
                    "address": "0x02",
                    "data": "0x41"
                },
                {
                    "type": "write",
                    "address": "0x08",
                    "data": "0x00"
                },
                {
                    "type": "write",
                    "address": "0x09",
                    "data": "0xF8"
                },
                {
                    "type": "write",
                    "address": "0x09",
                    "data": "0x9B"
                },
                {
                    "type": "write",
                    "address": "0x09",
                    "data": "0x04"
                },
                {
                    "type": "write",
                    "address": "0x09",
                    "data": "0xE0"
                },
                {
                    "type": "write",
                    "address": "0x09",
                    "data": "0xB9"
                },
                {
                    "type": "write",
                    "address": "0x09",
                    "data": "0x11"
                },
                {
                    "type": "write",
                    "address": "0x09",
                    "data": "0x40"
                },
                {
                    "type": "write",
                    "address": "0x09",
                    "data": "0xA1"
                },
                {
                    "type": "write",
                    "address": "0x09",
                    "data": "0x06"
                },
                {
                    "type": "write",
                    "address": "0x09",
                    "data": "0x00"
                },
                {
                    "type": "write",
                    "address": "0x09",
                    "data": "0x91"
                },
                {
                    "type": "write",
                    "address": "0x09",
                    "data": "0xC1"
                },
                {
                    "type": "write",
                    "address": "0x09",
                    "data": "0xCF"
                },
                {
                    "type": "write",
                    "address": "0x09",
                    "data": "0xA0"
                },
                {
                    "type": "write",
                    "address": "0x09",
                    "data": "0x91"
                },
                {
                    "type": "write",
                    "address": "0x09",
                    "data": "0xE0"
                },
                {
                    "type": "write",
                    "address": "0x09",
                    "data": "0x2F"
                },
                {
                    "type": "write",
                    "address": "0x09",
                    "data": "0x1F"
                },
                {
                    "type": "write",
                    "address": "0x09",
                    "data": "0xB0"
                },
                {
                    "type": "write",
                    "address": "0x09",
                    "data": "0xC5"
                },
                {
                    "type": "write",
                    "address": "0x09",
                    "data": "0x80"
                },
                {
                    "type": "write",
                    "address": "0x09",
                    "data": "0x2B"
                },
                {
                    "type": "write",
                    "address": "0x09",
                    "data": "0xC0"
                },
                {
                    "type": "write",
                    "address": "0x09",
                    "data": "0xC4"
                },
                {
                    "type": "write",
                    "address": "0x09",
                    "data": "0xB7"
                },
                {
                    "type": "write",
                    "address": "0x09",
                    "data": "0x29"
                },
                {
                    "type": "write",
                    "address": "0x09",
                    "data": "0x18"
                },
                {
                    "type": "write",
                    "address": "0x09",
                    "data": "0xE5"
                },
                {
                    "type": "write",
                    "address": "0x09",
                    "data": "0x59"
                },
                {
                    "type": "write",
                    "address": "0x09",
                    "data": "0x59"
                },
                {
                    "type": "write",
                    "address": "0x09",
                    "data": "0x15"
                },
                {
                    "type": "write",
                    "address": "0x09",
                    "data": "0x86"
                },
                {
                    "type": "write",
                    "address": "0x09",
                    "data": "0x94"
                },
                {
                    "type": "write",
                    "address": "0x09",
                    "data": "0x3B"
                },
                {
                    "type": "write",
                    "address": "0x09",
                    "data": "0xF4"
                },
                {
                    "type": "write",
                    "address": "0x09",
                    "data": "0xCD"
                },
                {
                    "type": "write",
                    "address": "0x09",
                    "data": "0xB7"
                },
                {
                    "type": "write",
                    "address": "0x09",
                    "data": "0x3D"
                },
                {
                    "type": "write",
                    "address": "0x09",
                    "data": "0x12"
                },
                {
                    "type": "write",
                    "address": "0x09",
                    "data": "0x82"
                },
                {
                    "type": "write",
                    "address": "0x09",
                    "data": "0x9F"
                },
                {
                    "type": "write",
                    "address": "0x09",
                    "data": "0x40"
                },
                {
                    "type": "write",
                    "address": "0x09",
                    "data": "0x10"
                },
                {
                    "type": "write",
                    "address": "0x09",
                    "data": "0xA7"
                },
                {
                    "type": "write",
                    "address": "0x09",
                    "data": "0xC0"
                },
                {
                    "type": "write",
                    "address": "0x09",
                    "data": "0x21"
                },
                {
                    "type": "write",
                    "address": "0x09",
                    "data": "0x41"
                },
                {
                    "type": "write",
                    "address": "0x09",
                    "data": "0xE1"
                },
                {
                    "type": "write",
                    "address": "0x09",
                    "data": "0x61"
                },
                {
                    "type": "write",
                    "address": "0x09",
                    "data": "0x44"
                },
                {
                    "type": "write",
                    "address": "0x09",
                    "data": "0x14"
                },
                {
                    "type": "write",
                    "address": "0x09",
                    "data": "0x82"
                },
                {
                    "type": "write",
                    "address": "0x09",
                    "data": "0x2F"
                },
                {
                    "type": "write",
                    "address": "0x09",
                    "data": "0x4E"
                },
                {
                    "type": "write",
                    "address": "0x09",
                    "data": "0x98"
                },
                {
                    "type": "write",
                    "address": "0x09",
                    "data": "0xE8"
                },
                {
                    "type": "write",
                    "address": "0x09",
                    "data": "0xE9"
                },
                {
                    "type": "write",
                    "address": "0x09",
                    "data": "0x39"
                },
                {
                    "type": "write",
                    "address": "0x09",
                    "data": "0x94"
                },
                {
                    "type": "write",
                    "address": "0x09",
                    "data": "0xE3"
                },
                {
                    "type": "write",
                    "address": "0x09",
                    "data": "0xDE"
                },
                {
                    "type": "write",
                    "address": "0x09",
                    "data": "0x3E"
                },
                {
                    "type": "write",
                    "address": "0x09",
                    "data": "0x6C"
                },
                {
                    "type": "write",
                    "address": "0x09",
                    "data": "0xC2"
                },
                {
                    "type": "write",
                    "address": "0x09",
                    "data": "0x6A"
                },
                {
                    "type": "write",
                    "address": "0x09",
                    "data": "0x61"
                },
                {
                    "type": "write",
                    "address": "0x09",
                    "data": "0x18"
                },
                {
                    "type": "write",
                    "address": "0x09",
                    "data": "0x86"
                },
                {
                    "type": "write",
                    "address": "0x09",
                    "data": "0xDF"
                },
                {
                    "type": "write",
                    "address": "0x09",
                    "data": "0x3E"
                },
                {
                    "type": "write",
                    "address": "0x09",
                    "data": "0x91"
                },
                {
                    "type": "write",
                    "address": "0x09",
                    "data": "0xE2"
                },
                {
                    "type": "write",
                    "address": "0x09",
                    "data": "0xF9"
                },
                {
                    "type": "write",
                    "address": "0x09",
                    "data": "0x3E"
                },
                {
                    "type": "write",
                    "address": "0x09",
                    "data": "0xC9"
                },
                {
                    "type": "write",
                    "address": "0x09",
                    "data": "0xE2"
                },
                {
                    "type": "write",
                    "address": "0x01",
                    "data": "0x80"
                },
                {
                    "type": "write",
                    "address": "0x17",
                    "data": "0x00"
                },
                {
                    "type": "write",
                    "address": "0x04",
                    "data": "0x00"
                },
                {
                    "type": "write",
                    "address": "0x05",
                    "data": "0x10"
                },
                {
                    "type": "write",
                    "address": "0x02",
                    "data": "0x01"
                },
                {
                    "type": "write",
                    "address": "0x01",
                    "data": "0x00"
                },
                {
                    "type": "write",
                    "address": "0x5E",
                    "data": "0x02"
                },
                {
                    "type": "write",
                    "address": "0x01",
                    "data": "0x80"
                },
                {
                    "type": "write",
                    "address": "0x0D",
                    "data": "0x01"
                },
                {
                    "type": "write",
                    "address": "0x60",
                    "data": "0x45"
                },
                {
                    "type": "write",
                    "address": "0x45",
                    "data": "0x02"
                },
                {
                    "type": "write",
                    "address": "0x01",
                    "data": "0x00"
                },
                {
                    "type": "write",
                    "address": "0x10",
                    "data": "0x07"
                },
                {
                    "type": "write",
                    "address": "0x11",
                    "data": "0x07"
                },
                {
                    "type": "write",
                    "address": "0x15",
                    "data": "0x04"
                },
                {
                    "type": "write",
                    "address": "0x17",
                    "data": "0x03"
                }
            ]
        }
    ],
    "staiotcraft_info": {
        "project_name": "LICENSE_METRIC",
        "project_id": "2134888a-9c1f-4428-997f-6d5dbe3c093e",
        "model_name": "Aplha_Beta",
        "model_id": "bad85f24-30df-4270-b302-0eb4aaa4e8dc"
    }
}