{
    "description": "Generated sensor configuration for MLC core",
    "date": "2025-03-12 16:46:07",
    "json_format": {
        "type": "reg_config",
        "version": "2.0"
    },
    "application": {
        "name": "MLC Tool",
        "version": "2.0.7"
    },
    "sensors": [
        {
            "name": [
                "LSM6DSV16X"
            ],
            "outputs": [
                {
                    "name": "Categorical output",
                    "core": "MLC",
                    "type": "uint8_t",
                    "len": "1",
                    "reg_addr": "0x70",
                    "reg_name": "MLC1_SRC",
                    "results": [
                        {
                            "code": "0x00",
                            "label": "Straight_Slow"
                        },
                        {
                            "code": "0x01",
                            "label": "Break_Fast"
                        },
                        {
                            "code": "0x04",
                            "label": "Straight_Fast"
                        },
                        {
                            "code": "0x05",
                            "label": "Stationary"
                        },
                        {
                            "code": "0x08",
                            "label": "Turn_Slow"
                        },
                        {
                            "code": "0x09",
                            "label": "Little_Turbulence"
                        },
                        {
                            "code": "0x0C",
                            "label": "Turn_Fast"
                        }
                    ]
                }
            ],
            "fifo_encodings": [
                {
                    "tag": "0x1C",
                    "id": "0x03C0",
                    "label": "F1_ABS_MINIMUM_GYR_V"
                },
                {
                    "tag": "0x1C",
                    "id": "0x03C2",
                    "label": "F2_VARIANCE_ACC_X"
                },
                {
                    "tag": "0x1C",
                    "id": "0x03C4",
                    "label": "F3_ABS_MEAN_GYR_V"
                },
                {
                    "tag": "0x1C",
                    "id": "0x03C6",
                    "label": "F4_PEAK_TO_PEAK_ACC_X"
                },
                {
                    "tag": "0x1C",
                    "id": "0x03C8",
                    "label": "F5_MAXIMUM_GYR_Z"
                },
                {
                    "tag": "0x1C",
                    "id": "0x03CA",
                    "label": "F6_ENERGY_GYR_Z"
                },
                {
                    "tag": "0x1C",
                    "id": "0x03CC",
                    "label": "F7_ABS_MINIMUM_ACC_V"
                },
                {
                    "tag": "0x1C",
                    "id": "0x03CE",
                    "label": "F8_MEAN_GYR_X"
                },
                {
                    "tag": "0x1C",
                    "id": "0x03D0",
                    "label": "F9_ENERGY_GYR_X"
                },
                {
                    "tag": "0x1C",
                    "id": "0x03D2",
                    "label": "F10_MEAN_ACC_Z"
                },
                {
                    "tag": "0x1C",
                    "id": "0x03D4",
                    "label": "F11_MEAN_GYR_Y"
                },
                {
                    "tag": "0x1C",
                    "id": "0x03D6",
                    "label": "F12_MINIMUM_GYR_X"
                },
                {
                    "tag": "0x1C",
                    "id": "0x03D8",
                    "label": "F13_VARIANCE_GYR_Z"
                },
                {
                    "tag": "0x1C",
                    "id": "0x03DA",
                    "label": "F14_ENERGY_ACC_Y"
                },
                {
                    "tag": "0x1C",
                    "id": "0x03DC",
                    "label": "F15_ABS_MAXIMUM_GYR_V"
                }
            ],
            "configuration": [
                {
                    "type": "write",
                    "address": "0x10",
                    "data": "0x00"
                },
                {
                    "type": "write",
                    "address": "0x11",
                    "data": "0x00"
                },
                {
                    "type": "write",
                    "address": "0x01",
                    "data": "0x80"
                },
                {
                    "type": "write",
                    "address": "0x04",
                    "data": "0x00"
                },
                {
                    "type": "write",
                    "address": "0x05",
                    "data": "0x00"
                },
                {
                    "type": "write",
                    "address": "0x17",
                    "data": "0x40"
                },
                {
                    "type": "write",
                    "address": "0x02",
                    "data": "0x11"
                },
                {
                    "type": "write",
                    "address": "0x08",
                    "data": "0xE8"
                },
                {
                    "type": "write",
                    "address": "0x09",
                    "data": "0x00"
                },
                {
                    "type": "write",
                    "address": "0x09",
                    "data": "0x3C"
                },
                {
                    "type": "write",
                    "address": "0x02",
                    "data": "0x11"
                },
                {
                    "type": "write",
                    "address": "0x08",
                    "data": "0xF1"
                },
                {
                    "type": "write",
                    "address": "0x09",
                    "data": "0x01"
                },
                {
                    "type": "write",
                    "address": "0x02",
                    "data": "0x21"
                },
                {
                    "type": "write",
                    "address": "0x08",
                    "data": "0x00"
                },
                {
                    "type": "write",
                    "address": "0x09",
                    "data": "0x00"
                },
                {
                    "type": "write",
                    "address": "0x02",
                    "data": "0x11"
                },
                {
                    "type": "write",
                    "address": "0x08",
                    "data": "0xEA"
                },
                {
                    "type": "write",
                    "address": "0x09",
                    "data": "0xAC"
                },
                {
                    "type": "write",
                    "address": "0x09",
                    "data": "0x03"
                },
                {
                    "type": "write",
                    "address": "0x09",
                    "data": "0xC0"
                },
                {
                    "type": "write",
                    "address": "0x09",
                    "data": "0x03"
                },
                {
                    "type": "write",
                    "address": "0x09",
                    "data": "0x01"
                },
                {
                    "type": "write",
                    "address": "0x09",
                    "data": "0x00"
                },
                {
                    "type": "write",
                    "address": "0x09",
                    "data": "0x14"
                },
                {
                    "type": "write",
                    "address": "0x02",
                    "data": "0x11"
                },
                {
                    "type": "write",
                    "address": "0x08",
                    "data": "0xF2"
                },
                {
                    "type": "write",
                    "address": "0x09",
                    "data": "0xFF"
                },
                {
                    "type": "write",
                    "address": "0x02",
                    "data": "0x11"
                },
                {
                    "type": "write",
                    "address": "0x08",
                    "data": "0xFA"
                },
                {
                    "type": "write",
                    "address": "0x09",
                    "data": "0x5C"
                },
                {
                    "type": "write",
                    "address": "0x09",
                    "data": "0x03"
                },
                {
                    "type": "write",
                    "address": "0x09",
                    "data": "0xDE"
                },
                {
                    "type": "write",
                    "address": "0x09",
                    "data": "0x03"
                },
                {
                    "type": "write",
                    "address": "0x09",
                    "data": "0xEA"
                },
                {
                    "type": "write",
                    "address": "0x09",
                    "data": "0x03"
                },
                {
                    "type": "write",
                    "address": "0x02",
                    "data": "0x31"
                },
                {
                    "type": "write",
                    "address": "0x08",
                    "data": "0x5C"
                },
                {
                    "type": "write",
                    "address": "0x09",
                    "data": "0x3F"
                },
                {
                    "type": "write",
                    "address": "0x09",
                    "data": "0x00"
                },
                {
                    "type": "write",
                    "address": "0x09",
                    "data": "0x10"
                },
                {
                    "type": "write",
                    "address": "0x09",
                    "data": "0xA4"
                },
                {
                    "type": "write",
                    "address": "0x09",
                    "data": "0x00"
                },
                {
                    "type": "write",
                    "address": "0x09",
                    "data": "0xFC"
                },
                {
                    "type": "write",
                    "address": "0x09",
                    "data": "0x00"
                },
                {
                    "type": "write",
                    "address": "0x09",
                    "data": "0x7C"
                },
                {
                    "type": "write",
                    "address": "0x09",
                    "data": "0x01"
                },
                {
                    "type": "write",
                    "address": "0x09",
                    "data": "0x04"
                },
                {
                    "type": "write",
                    "address": "0x09",
                    "data": "0x00"
                },
                {
                    "type": "write",
                    "address": "0x09",
                    "data": "0x00"
                },
                {
                    "type": "write",
                    "address": "0x09",
                    "data": "0x00"
                },
                {
                    "type": "write",
                    "address": "0x09",
                    "data": "0x00"
                },
                {
                    "type": "write",
                    "address": "0x09",
                    "data": "0x00"
                },
                {
                    "type": "write",
                    "address": "0x09",
                    "data": "0xA4"
                },
                {
                    "type": "write",
                    "address": "0x09",
                    "data": "0x00"
                },
                {
                    "type": "write",
                    "address": "0x09",
                    "data": "0x00"
                },
                {
                    "type": "write",
                    "address": "0x09",
                    "data": "0x03"
                },
                {
                    "type": "write",
                    "address": "0x09",
                    "data": "0x04"
                },
                {
                    "type": "write",
                    "address": "0x09",
                    "data": "0x00"
                },
                {
                    "type": "write",
                    "address": "0x09",
                    "data": "0xFC"
                },
                {
                    "type": "write",
                    "address": "0x09",
                    "data": "0x00"
                },
                {
                    "type": "write",
                    "address": "0x09",
                    "data": "0x7C"
                },
                {
                    "type": "write",
                    "address": "0x09",
                    "data": "0x11"
                },
                {
                    "type": "write",
                    "address": "0x09",
                    "data": "0x20"
                },
                {
                    "type": "write",
                    "address": "0x09",
                    "data": "0x00"
                },
                {
                    "type": "write",
                    "address": "0x09",
                    "data": "0xFC"
                },
                {
                    "type": "write",
                    "address": "0x09",
                    "data": "0x00"
                },
                {
                    "type": "write",
                    "address": "0x09",
                    "data": "0x7C"
                },
                {
                    "type": "write",
                    "address": "0x09",
                    "data": "0x02"
                },
                {
                    "type": "write",
                    "address": "0x09",
                    "data": "0x20"
                },
                {
                    "type": "write",
                    "address": "0x09",
                    "data": "0x00"
                },
                {
                    "type": "write",
                    "address": "0x09",
                    "data": "0x00"
                },
                {
                    "type": "write",
                    "address": "0x09",
                    "data": "0x10"
                },
                {
                    "type": "write",
                    "address": "0x09",
                    "data": "0x90"
                },
                {
                    "type": "write",
                    "address": "0x09",
                    "data": "0x00"
                },
                {
                    "type": "write",
                    "address": "0x09",
                    "data": "0xFC"
                },
                {
                    "type": "write",
                    "address": "0x09",
                    "data": "0x00"
                },
                {
                    "type": "write",
                    "address": "0x09",
                    "data": "0x7C"
                },
                {
                    "type": "write",
                    "address": "0x09",
                    "data": "0x00"
                },
                {
                    "type": "write",
                    "address": "0x09",
                    "data": "0x18"
                },
                {
                    "type": "write",
                    "address": "0x09",
                    "data": "0x00"
                },
                {
                    "type": "write",
                    "address": "0x09",
                    "data": "0x00"
                },
                {
                    "type": "write",
                    "address": "0x09",
                    "data": "0x02"
                },
                {
                    "type": "write",
                    "address": "0x09",
                    "data": "0x18"
                },
                {
                    "type": "write",
                    "address": "0x09",
                    "data": "0x00"
                },
                {
                    "type": "write",
                    "address": "0x09",
                    "data": "0x00"
                },
                {
                    "type": "write",
                    "address": "0x09",
                    "data": "0x00"
                },
                {
                    "type": "write",
                    "address": "0x09",
                    "data": "0x0C"
                },
                {
                    "type": "write",
                    "address": "0x09",
                    "data": "0x00"
                },
                {
                    "type": "write",
                    "address": "0x09",
                    "data": "0x00"
                },
                {
                    "type": "write",
                    "address": "0x09",
                    "data": "0x00"
                },
                {
                    "type": "write",
                    "address": "0x09",
                    "data": "0x1C"
                },
                {
                    "type": "write",
                    "address": "0x09",
                    "data": "0x00"
                },
                {
                    "type": "write",
                    "address": "0x09",
                    "data": "0x00"
                },
                {
                    "type": "write",
                    "address": "0x09",
                    "data": "0x10"
                },
                {
                    "type": "write",
                    "address": "0x09",
                    "data": "0x18"
                },
                {
                    "type": "write",
                    "address": "0x09",
                    "data": "0x00"
                },
                {
                    "type": "write",
                    "address": "0x09",
                    "data": "0xFC"
                },
                {
                    "type": "write",
                    "address": "0x09",
                    "data": "0x00"
                },
                {
                    "type": "write",
                    "address": "0x09",
                    "data": "0x7C"
                },
                {
                    "type": "write",
                    "address": "0x09",
                    "data": "0x01"
                },
                {
                    "type": "write",
                    "address": "0x09",
                    "data": "0x20"
                },
                {
                    "type": "write",
                    "address": "0x09",
                    "data": "0x00"
                },
                {
                    "type": "write",
                    "address": "0x09",
                    "data": "0x00"
                },
                {
                    "type": "write",
                    "address": "0x09",
                    "data": "0x00"
                },
                {
                    "type": "write",
                    "address": "0x09",
                    "data": "0x00"
                },
                {
                    "type": "write",
                    "address": "0x09",
                    "data": "0x02"
                },
                {
                    "type": "write",
                    "address": "0x09",
                    "data": "0x08"
                },
                {
                    "type": "write",
                    "address": "0x09",
                    "data": "0x00"
                },
                {
                    "type": "write",
                    "address": "0x09",
                    "data": "0x00"
                },
                {
                    "type": "write",
                    "address": "0x09",
                    "data": "0x11"
                },
                {
                    "type": "write",
                    "address": "0x09",
                    "data": "0xA4"
                },
                {
                    "type": "write",
                    "address": "0x09",
                    "data": "0x00"
                },
                {
                    "type": "write",
                    "address": "0x09",
                    "data": "0xFC"
                },
                {
                    "type": "write",
                    "address": "0x09",
                    "data": "0x00"
                },
                {
                    "type": "write",
                    "address": "0x09",
                    "data": "0x7C"
                },
                {
                    "type": "write",
                    "address": "0x09",
                    "data": "0x1F"
                },
                {
                    "type": "write",
                    "address": "0x09",
                    "data": "0x00"
                },
                {
                    "type": "write",
                    "address": "0x02",
                    "data": "0x31"
                },
                {
                    "type": "write",
                    "address": "0x08",
                    "data": "0xDE"
                },
                {
                    "type": "write",
                    "address": "0x09",
                    "data": "0x00"
                },
                {
                    "type": "write",
                    "address": "0x09",
                    "data": "0x00"
                },
                {
                    "type": "write",
                    "address": "0x09",
                    "data": "0x00"
                },
                {
                    "type": "write",
                    "address": "0x09",
                    "data": "0x00"
                },
                {
                    "type": "write",
                    "address": "0x09",
                    "data": "0x00"
                },
                {
                    "type": "write",
                    "address": "0x09",
                    "data": "0x00"
                },
                {
                    "type": "write",
                    "address": "0x09",
                    "data": "0x00"
                },
                {
                    "type": "write",
                    "address": "0x09",
                    "data": "0x00"
                },
                {
                    "type": "write",
                    "address": "0x09",
                    "data": "0x00"
                },
                {
                    "type": "write",
                    "address": "0x09",
                    "data": "0x00"
                },
                {
                    "type": "write",
                    "address": "0x09",
                    "data": "0x00"
                },
                {
                    "type": "write",
                    "address": "0x01",
                    "data": "0x00"
                },
                {
                    "type": "write",
                    "address": "0x01",
                    "data": "0x80"
                },
                {
                    "type": "write",
                    "address": "0x17",
                    "data": "0x40"
                },
                {
                    "type": "write",
                    "address": "0x02",
                    "data": "0x31"
                },
                {
                    "type": "write",
                    "address": "0x08",
                    "data": "0xEA"
                },
                {
                    "type": "write",
                    "address": "0x09",
                    "data": "0x81"
                },
                {
                    "type": "write",
                    "address": "0x09",
                    "data": "0x1E"
                },
                {
                    "type": "write",
                    "address": "0x09",
                    "data": "0x0C"
                },
                {
                    "type": "write",
                    "address": "0x09",
                    "data": "0x81"
                },
                {
                    "type": "write",
                    "address": "0x09",
                    "data": "0x9A"
                },
                {
                    "type": "write",
                    "address": "0x09",
                    "data": "0x1C"
                },
                {
                    "type": "write",
                    "address": "0x09",
                    "data": "0x25"
                },
                {
                    "type": "write",
                    "address": "0x09",
                    "data": "0xC3"
                },
                {
                    "type": "write",
                    "address": "0x09",
                    "data": "0x3F"
                },
                {
                    "type": "write",
                    "address": "0x09",
                    "data": "0x3F"
                },
                {
                    "type": "write",
                    "address": "0x09",
                    "data": "0x06"
                },
                {
                    "type": "write",
                    "address": "0x09",
                    "data": "0x85"
                },
                {
                    "type": "write",
                    "address": "0x09",
                    "data": "0x1C"
                },
                {
                    "type": "write",
                    "address": "0x09",
                    "data": "0x2E"
                },
                {
                    "type": "write",
                    "address": "0x09",
                    "data": "0x05"
                },
                {
                    "type": "write",
                    "address": "0x09",
                    "data": "0x82"
                },
                {
                    "type": "write",
                    "address": "0x09",
                    "data": "0x52"
                },
                {
                    "type": "write",
                    "address": "0x09",
                    "data": "0x34"
                },
                {
                    "type": "write",
                    "address": "0x09",
                    "data": "0x48"
                },
                {
                    "type": "write",
                    "address": "0x09",
                    "data": "0xE3"
                },
                {
                    "type": "write",
                    "address": "0x09",
                    "data": "0x8B"
                },
                {
                    "type": "write",
                    "address": "0x09",
                    "data": "0x38"
                },
                {
                    "type": "write",
                    "address": "0x02",
                    "data": "0x41"
                },
                {
                    "type": "write",
                    "address": "0x08",
                    "data": "0x00"
                },
                {
                    "type": "write",
                    "address": "0x09",
                    "data": "0x10"
                },
                {
                    "type": "write",
                    "address": "0x09",
                    "data": "0xE3"
                },
                {
                    "type": "write",
                    "address": "0x09",
                    "data": "0x78"
                },
                {
                    "type": "write",
                    "address": "0x09",
                    "data": "0x36"
                },
                {
                    "type": "write",
                    "address": "0x09",
                    "data": "0x78"
                },
                {
                    "type": "write",
                    "address": "0x09",
                    "data": "0xC3"
                },
                {
                    "type": "write",
                    "address": "0x09",
                    "data": "0x31"
                },
                {
                    "type": "write",
                    "address": "0x09",
                    "data": "0x20"
                },
                {
                    "type": "write",
                    "address": "0x09",
                    "data": "0x0A"
                },
                {
                    "type": "write",
                    "address": "0x09",
                    "data": "0x80"
                },
                {
                    "type": "write",
                    "address": "0x09",
                    "data": "0x05"
                },
                {
                    "type": "write",
                    "address": "0x09",
                    "data": "0x3C"
                },
                {
                    "type": "write",
                    "address": "0x09",
                    "data": "0x91"
                },
                {
                    "type": "write",
                    "address": "0x09",
                    "data": "0xC9"
                },
                {
                    "type": "write",
                    "address": "0x09",
                    "data": "0x6D"
                },
                {
                    "type": "write",
                    "address": "0x09",
                    "data": "0x1C"
                },
                {
                    "type": "write",
                    "address": "0x09",
                    "data": "0x9C"
                },
                {
                    "type": "write",
                    "address": "0x09",
                    "data": "0xE0"
                },
                {
                    "type": "write",
                    "address": "0x09",
                    "data": "0xFD"
                },
                {
                    "type": "write",
                    "address": "0x09",
                    "data": "0x32"
                },
                {
                    "type": "write",
                    "address": "0x09",
                    "data": "0x80"
                },
                {
                    "type": "write",
                    "address": "0x09",
                    "data": "0xA2"
                },
                {
                    "type": "write",
                    "address": "0x09",
                    "data": "0x63"
                },
                {
                    "type": "write",
                    "address": "0x09",
                    "data": "0x24"
                },
                {
                    "type": "write",
                    "address": "0x09",
                    "data": "0x4C"
                },
                {
                    "type": "write",
                    "address": "0x09",
                    "data": "0xE0"
                },
                {
                    "type": "write",
                    "address": "0x09",
                    "data": "0x9C"
                },
                {
                    "type": "write",
                    "address": "0x09",
                    "data": "0x3C"
                },
                {
                    "type": "write",
                    "address": "0x09",
                    "data": "0xD4"
                },
                {
                    "type": "write",
                    "address": "0x09",
                    "data": "0xCE"
                },
                {
                    "type": "write",
                    "address": "0x09",
                    "data": "0x35"
                },
                {
                    "type": "write",
                    "address": "0x09",
                    "data": "0x24"
                },
                {
                    "type": "write",
                    "address": "0x09",
                    "data": "0xE1"
                },
                {
                    "type": "write",
                    "address": "0x09",
                    "data": "0xC0"
                },
                {
                    "type": "write",
                    "address": "0x09",
                    "data": "0x6F"
                },
                {
                    "type": "write",
                    "address": "0x09",
                    "data": "0x61"
                },
                {
                    "type": "write",
                    "address": "0x09",
                    "data": "0xC0"
                },
                {
                    "type": "write",
                    "address": "0x09",
                    "data": "0xA5"
                },
                {
                    "type": "write",
                    "address": "0x09",
                    "data": "0xA5"
                },
                {
                    "type": "write",
                    "address": "0x09",
                    "data": "0x3C"
                },
                {
                    "type": "write",
                    "address": "0x09",
                    "data": "0x15"
                },
                {
                    "type": "write",
                    "address": "0x09",
                    "data": "0x83"
                },
                {
                    "type": "write",
                    "address": "0x09",
                    "data": "0xDB"
                },
                {
                    "type": "write",
                    "address": "0x09",
                    "data": "0x54"
                },
                {
                    "type": "write",
                    "address": "0x09",
                    "data": "0x11"
                },
                {
                    "type": "write",
                    "address": "0x09",
                    "data": "0xC5"
                },
                {
                    "type": "write",
                    "address": "0x09",
                    "data": "0x8E"
                },
                {
                    "type": "write",
                    "address": "0x09",
                    "data": "0x47"
                },
                {
                    "type": "write",
                    "address": "0x09",
                    "data": "0x28"
                },
                {
                    "type": "write",
                    "address": "0x09",
                    "data": "0xC8"
                },
                {
                    "type": "write",
                    "address": "0x09",
                    "data": "0xF9"
                },
                {
                    "type": "write",
                    "address": "0x09",
                    "data": "0x16"
                },
                {
                    "type": "write",
                    "address": "0x09",
                    "data": "0x3C"
                },
                {
                    "type": "write",
                    "address": "0x09",
                    "data": "0xC7"
                },
                {
                    "type": "write",
                    "address": "0x09",
                    "data": "0x69"
                },
                {
                    "type": "write",
                    "address": "0x09",
                    "data": "0x2B"
                },
                {
                    "type": "write",
                    "address": "0x09",
                    "data": "0x44"
                },
                {
                    "type": "write",
                    "address": "0x09",
                    "data": "0xC0"
                },
                {
                    "type": "write",
                    "address": "0x09",
                    "data": "0xDC"
                },
                {
                    "type": "write",
                    "address": "0x09",
                    "data": "0x32"
                },
                {
                    "type": "write",
                    "address": "0x09",
                    "data": "0xC9"
                },
                {
                    "type": "write",
                    "address": "0x09",
                    "data": "0xE0"
                },
                {
                    "type": "write",
                    "address": "0x09",
                    "data": "0xD0"
                },
                {
                    "type": "write",
                    "address": "0x09",
                    "data": "0x32"
                },
                {
                    "type": "write",
                    "address": "0x09",
                    "data": "0x40"
                },
                {
                    "type": "write",
                    "address": "0x09",
                    "data": "0xA6"
                },
                {
                    "type": "write",
                    "address": "0x09",
                    "data": "0x2F"
                },
                {
                    "type": "write",
                    "address": "0x09",
                    "data": "0x4E"
                },
                {
                    "type": "write",
                    "address": "0x09",
                    "data": "0x90"
                },
                {
                    "type": "write",
                    "address": "0x09",
                    "data": "0xA8"
                },
                {
                    "type": "write",
                    "address": "0x09",
                    "data": "0x3E"
                },
                {
                    "type": "write",
                    "address": "0x09",
                    "data": "0x29"
                },
                {
                    "type": "write",
                    "address": "0x09",
                    "data": "0x88"
                },
                {
                    "type": "write",
                    "address": "0x09",
                    "data": "0xC0"
                },
                {
                    "type": "write",
                    "address": "0x09",
                    "data": "0xA6"
                },
                {
                    "type": "write",
                    "address": "0x09",
                    "data": "0x2A"
                },
                {
                    "type": "write",
                    "address": "0x09",
                    "data": "0xC4"
                },
                {
                    "type": "write",
                    "address": "0x09",
                    "data": "0xE0"
                },
                {
                    "type": "write",
                    "address": "0x01",
                    "data": "0x80"
                },
                {
                    "type": "write",
                    "address": "0x17",
                    "data": "0x00"
                },
                {
                    "type": "write",
                    "address": "0x04",
                    "data": "0x00"
                },
                {
                    "type": "write",
                    "address": "0x05",
                    "data": "0x10"
                },
                {
                    "type": "write",
                    "address": "0x02",
                    "data": "0x01"
                },
                {
                    "type": "write",
                    "address": "0x01",
                    "data": "0x00"
                },
                {
                    "type": "write",
                    "address": "0x5E",
                    "data": "0x02"
                },
                {
                    "type": "write",
                    "address": "0x01",
                    "data": "0x80"
                },
                {
                    "type": "write",
                    "address": "0x0D",
                    "data": "0x01"
                },
                {
                    "type": "write",
                    "address": "0x60",
                    "data": "0x45"
                },
                {
                    "type": "write",
                    "address": "0x45",
                    "data": "0x02"
                },
                {
                    "type": "write",
                    "address": "0x01",
                    "data": "0x00"
                },
                {
                    "type": "write",
                    "address": "0x10",
                    "data": "0x07"
                },
                {
                    "type": "write",
                    "address": "0x11",
                    "data": "0x07"
                },
                {
                    "type": "write",
                    "address": "0x15",
                    "data": "0x04"
                },
                {
                    "type": "write",
                    "address": "0x17",
                    "data": "0x03"
                }
            ]
        }
    ],
    "staiotcraft_info": {
        "project_name": "LICENSE_METRIC",
        "project_id": "2134888a-9c1f-4428-997f-6d5dbe3c093e",
        "model_name": "Aplha_Beta",
        "model_id": "bad85f24-30df-4270-b302-0eb4aaa4e8dc"
    }
}