{
    "schema_version": "2.2.0",
    "uuid": "287197df-0f63-48f7-86e9-71eb3e5642c8",
    "devices": [
        {
            "board_id": 13,
            "fw_id": 13,
            "protocol_id": 2,
            "sn": "0037002F5130501620333154",
            "pnpl_responses": true,
            "pnpl_ble_responses": true,
            "components": [
                {
                    "DeviceInformation": {
                        "manufacturer": "STMicroelectronics",
                        "model": "STEVAL-MKBOXPRO",
                        "swVersion": "3.0.0",
                        "osName": "AzureRTOS",
                        "processorArchitecture": "ARM Cortex-M33",
                        "processorManufacturer": "STMicroelectronics",
                        "totalStorage": 4,
                        "totalMemory": 784
                    }
                },
                {
                    "firmware_info": {
                        "alias": "STBOX_PRO_001",
                        "fw_name": "FP-SNS-DATALOG2_Datalog2",
                        "fw_version": "3.0.0",
                        "part_number": "FP-SNS-DATALOG2",
                        "device_url": "https:\/\/www.st.com\/sensortileboxpro",
                        "fw_url": "https:\/\/github.com\/STMicroelectronics\/fp-sns-datalog2",
                        "mac_address": "eb:65:b3:3c:8a:af",
                        "c_type": 2
                    }
                },
                {
                    "tags_info": {
                        "max_tags_num": 100,
                        "sw_tag0": {
                            "label": "Straight_Slow",
                            "enabled": true,
                            "status": false
                        },
                        "sw_tag1": {
                            "label": "Straight_Fast",
                            "enabled": true,
                            "status": false
                        },
                        "sw_tag2": {
                            "label": "Turn_Slow",
                            "enabled": true,
                            "status": false
                        },
                        "sw_tag3": {
                            "label": "Turn_Fast",
                            "enabled": true,
                            "status": false
                        },
                        "sw_tag4": {
                            "label": "Break_Slow",
                            "enabled": true,
                            "status": false
                        },
                        "sw_tag5": {
                            "label": "Break_Fast",
                            "enabled": true,
                            "status": false
                        },
                        "sw_tag6": {
                            "label": "Stationary",
                            "enabled": true,
                            "status": false
                        },
                        "sw_tag7": {
                            "label": "Little_Turbulence",
                            "enabled": true,
                            "status": false
                        },
                        "sw_tag8": {
                            "label": "Rash_Driving",
                            "enabled": true,
                            "status": false
                        },
                        "sw_tag9": {
                            "label": "SW_TAG_9",
                            "enabled": false,
                            "status": false
                        },
                        "sw_tag10": {
                            "label": "SW_TAG_10",
                            "enabled": false,
                            "status": false
                        },
                        "sw_tag11": {
                            "label": "SW_TAG_11",
                            "enabled": false,
                            "status": false
                        },
                        "sw_tag12": {
                            "label": "SW_TAG_12",
                            "enabled": false,
                            "status": false
                        },
                        "sw_tag13": {
                            "label": "SW_TAG_13",
                            "enabled": false,
                            "status": false
                        },
                        "sw_tag14": {
                            "label": "SW_TAG_14",
                            "enabled": false,
                            "status": false
                        },
                        "sw_tag15": {
                            "label": "SW_TAG_15",
                            "enabled": false,
                            "status": false
                        },
                        "c_type": 2
                    }
                },
                {
                    "log_controller": {
                        "log_status": false,
                        "sd_mounted": true,
                        "sd_failed": false,
                        "controller_type": 0,
                        "c_type": 2
                    }
                },
                {
                    "automode": {
                        "enabled": false,
                        "nof_acquisitions": 0,
                        "start_delay_s": 0,
                        "logging_period_s": 1,
                        "idle_period_s": 1,
                        "c_type": 2
                    }
                },
                {
                    "lis2du12_acc": {
                        "odr": 4,
                        "fs": 3,
                        "enable": false,
                        "samples_per_ts": 100,
                        "dim": 3,
                        "ioffset": 0,
                        "measodr": 0,
                        "usb_dps": 30,
                        "sd_dps": 512,
                        "sensitivity": 0.00048799999058246622,
                        "data_type": "int16",
                        "sensor_annotation": "",
                        "sensor_category": 0,
                        "st_ble_stream": {
                            "id": 7,
                            "acc": {
                                "enable": false,
                                "unit": "g",
                                "format": "int16_t",
                                "elements": 40,
                                "channels": 3,
                                "multiply_factor": 0.00048799999058246622,
                                "odr": 100
                            }
                        },
                        "c_type": 0,
                        "stream_id": -1,
                        "ep_id": -1
                    }
                },
                {
                    "lis2mdl_mag": {
                        "odr": 3,
                        "fs": 0,
                        "enable": false,
                        "samples_per_ts": 100,
                        "dim": 3,
                        "ioffset": 0,
                        "measodr": 0,
                        "usb_dps": 30,
                        "sd_dps": 512,
                        "sensitivity": 0.001500000013038516,
                        "data_type": "int16",
                        "sensor_annotation": "",
                        "sensor_category": 0,
                        "st_ble_stream": {
                            "id": 6,
                            "mag": {
                                "enable": false,
                                "unit": "G",
                                "format": "int16_t",
                                "elements": 40,
                                "channels": 3,
                                "multiply_factor": 0.001500000013038516,
                                "odr": 100
                            }
                        },
                        "c_type": 0,
                        "stream_id": -1,
                        "ep_id": -1
                    }
                },
                {
                    "lps22df_press": {
                        "odr": 0,
                        "fs": 0,
                        "enable": false,
                        "samples_per_ts": 1,
                        "dim": 1,
                        "ioffset": 0,
                        "measodr": 0,
                        "usb_dps": 12,
                        "sd_dps": 16,
                        "sensitivity": 1,
                        "data_type": "float",
                        "sensor_annotation": "",
                        "sensor_category": 0,
                        "st_ble_stream": {
                            "id": 5,
                            "press": {
                                "enable": false,
                                "unit": "hPa",
                                "format": "float",
                                "elements": 3,
                                "channels": 1,
                                "multiply_factor": 1,
                                "odr": 1
                            }
                        },
                        "c_type": 0,
                        "stream_id": -1,
                        "ep_id": -1
                    }
                },
                {
                    "mp23db01hp_mic": {
                        "odr": 0,
                        "aop": 0,
                        "enable": false,
                        "volume": 100,
                        "resolution": 0,
                        "samples_per_ts": 1000,
                        "dim": 1,
                        "ioffset": 0,
                        "usb_dps": 1600,
                        "sd_dps": 10752,
                        "sensitivity": 3.0517578125e-05,
                        "data_type": "int16",
                        "sensor_annotation": "",
                        "sensor_category": 1,
                        "c_type": 0,
                        "stream_id": -1,
                        "ep_id": -1
                    }
                },
                {
                    "stts22h_temp": {
                        "odr": 0,
                        "fs": 0,
                        "enable": false,
                        "samples_per_ts": 1,
                        "dim": 1,
                        "ioffset": 0,
                        "measodr": 0,
                        "usb_dps": 12,
                        "sd_dps": 16,
                        "sensitivity": 1,
                        "data_type": "float",
                        "sensor_annotation": "",
                        "sensor_category": 0,
                        "st_ble_stream": {
                            "id": 3,
                            "temp": {
                                "enable": false,
                                "unit": "°C",
                                "format": "float",
                                "elements": 3,
                                "channels": 1,
                                "multiply_factor": 1,
                                "odr": 1
                            }
                        },
                        "c_type": 0,
                        "stream_id": -1,
                        "ep_id": -1
                    }
                },
                {
                    "lsm6dsv16x_acc": {
                        "odr": 5,
                        "fs": 3,
                        "enable": true,
                        "samples_per_ts": 240,
                        "dim": 3,
                        "ioffset": 0.7017064094543457,
                        "measodr": 242.39659118652344,
                        "usb_dps": 72,
                        "sd_dps": 512,
                        "sensitivity": 0.00048799999058246622,
                        "data_type": "int16",
                        "sensor_annotation": "",
                        "sensor_category": 0,
                        "st_ble_stream": {
                            "id": 0,
                            "acc": {
                                "enable": false,
                                "unit": "g",
                                "format": "int16_t",
                                "elements": 40,
                                "channels": 3,
                                "multiply_factor": 0.00048799999058246622,
                                "odr": 240
                            }
                        },
                        "c_type": 0,
                        "stream_id": 1,
                        "ep_id": 1
                    }
                },
                {
                    "lsm6dsv16x_gyro": {
                        "odr": 5,
                        "fs": 4,
                        "enable": true,
                        "samples_per_ts": 240,
                        "dim": 3,
                        "ioffset": 0.7017064094543457,
                        "measodr": 242.39659118652344,
                        "usb_dps": 72,
                        "sd_dps": 512,
                        "sensitivity": 0.070000000298023224,
                        "data_type": "int16",
                        "sensor_annotation": "",
                        "sensor_category": 0,
                        "st_ble_stream": {
                            "id": 1,
                            "gyro": {
                                "enable": false,
                                "unit": "dps",
                                "format": "int16_t",
                                "elements": 40,
                                "channels": 3,
                                "multiply_factor": 0.070000000298023224,
                                "odr": 240
                            }
                        },
                        "c_type": 0,
                        "stream_id": 0,
                        "ep_id": 0
                    }
                },
                {
                    "lsm6dsv16x_mlc": {
                        "enable": false,
                        "samples_per_ts": 1,
                        "ucf_status": false,
                        "dim": 5,
                        "ioffset": 0,
                        "data_type": "int8",
                        "usb_dps": 0,
                        "sd_dps": 0,
                        "sensor_annotation": "",
                        "sensor_category": 0,
                        "st_ble_stream": {
                            "id": 2,
                            "mlc": {
                                "enable": false,
                                "unit": "",
                                "format": "int8_t",
                                "elements": 3,
                                "channels": 5,
                                "multiply_factor": 1,
                                "odr": 1
                            }
                        },
                        "c_type": 0,
                        "stream_id": -1,
                        "ep_id": -1
                    }
                }
            ]
        }
    ]
}