{
    "description": "Generated sensor configuration for MLC core",
    "date": "2025-03-12 16:07:54",
    "json_format": {
        "type": "reg_config",
        "version": "2.0"
    },
    "application": {
        "name": "MLC Tool",
        "version": "2.0.7"
    },
    "sensors": [
        {
            "name": [
                "LSM6DSV16X"
            ],
            "outputs": [
                {
                    "name": "Categorical output",
                    "core": "MLC",
                    "type": "uint8_t",
                    "len": "1",
                    "reg_addr": "0x70",
                    "reg_name": "MLC1_SRC",
                    "results": [
                        {
                            "code": "0x00",
                            "label": "Straight_Slow"
                        },
                        {
                            "code": "0x01",
                            "label": "Break_Slow"
                        },
                        {
                            "code": "0x04",
                            "label": "Straight_Fast"
                        },
                        {
                            "code": "0x05",
                            "label": "Break_Fast"
                        },
                        {
                            "code": "0x08",
                            "label": "Turn_Slow"
                        },
                        {
                            "code": "0x09",
                            "label": "Stationary"
                        },
                        {
                            "code": "0x0C",
                            "label": "Turn_Fast"
                        },
                        {
                            "code": "0x0D",
                            "label": "Little_Turbulence"
                        }
                    ]
                }
            ],
            "fifo_encodings": [
                {
                    "tag": "0x1C",
                    "id": "0x03C8",
                    "label": "F1_MAXIMUM_ACC_Z"
                },
                {
                    "tag": "0x1C",
                    "id": "0x03CA",
                    "label": "F2_PEAK_TO_PEAK_ACC_Y"
                },
                {
                    "tag": "0x1C",
                    "id": "0x03CC",
                    "label": "F3_ENERGY_GYR_Z"
                },
                {
                    "tag": "0x1C",
                    "id": "0x03CE",
                    "label": "F4_ABS_MEAN_GYR_V"
                },
                {
                    "tag": "0x1C",
                    "id": "0x03D0",
                    "label": "F5_ABS_MAXIMUM_GYR_V"
                },
                {
                    "tag": "0x1C",
                    "id": "0x03D2",
                    "label": "F6_MINIMUM_ACC_Z"
                },
                {
                    "tag": "0x1C",
                    "id": "0x03D4",
                    "label": "F7_ABS_MINIMUM_ACC_V"
                },
                {
                    "tag": "0x1C",
                    "id": "0x03D6",
                    "label": "F8_ABS_VARIANCE_GYR_V"
                },
                {
                    "tag": "0x1C",
                    "id": "0x03D8",
                    "label": "F9_PEAK_TO_PEAK_ACC_X"
                },
                {
                    "tag": "0x1C",
                    "id": "0x03DA",
                    "label": "F10_ENERGY_ACC_X"
                },
                {
                    "tag": "0x1C",
                    "id": "0x03DC",
                    "label": "F11_MAXIMUM_ACC_Y"
                },
                {
                    "tag": "0x1C",
                    "id": "0x03DE",
                    "label": "F12_PEAK_TO_PEAK_GYR_X"
                },
                {
                    "tag": "0x1C",
                    "id": "0x03E0",
                    "label": "F13_VARIANCE_ACC_X"
                },
                {
                    "tag": "0x1C",
                    "id": "0x03E2",
                    "label": "F14_MINIMUM_GYR_X"
                },
                {
                    "tag": "0x1C",
                    "id": "0x03E4",
                    "label": "F15_PEAK_TO_PEAK_GYR_Z"
                }
            ],
            "configuration": [
                {
                    "type": "write",
                    "address": "0x10",
                    "data": "0x00"
                },
                {
                    "type": "write",
                    "address": "0x11",
                    "data": "0x00"
                },
                {
                    "type": "write",
                    "address": "0x01",
                    "data": "0x80"
                },
                {
                    "type": "write",
                    "address": "0x04",
                    "data": "0x00"
                },
                {
                    "type": "write",
                    "address": "0x05",
                    "data": "0x00"
                },
                {
                    "type": "write",
                    "address": "0x17",
                    "data": "0x40"
                },
                {
                    "type": "write",
                    "address": "0x02",
                    "data": "0x11"
                },
                {
                    "type": "write",
                    "address": "0x08",
                    "data": "0xE8"
                },
                {
                    "type": "write",
                    "address": "0x09",
                    "data": "0x00"
                },
                {
                    "type": "write",
                    "address": "0x09",
                    "data": "0x3C"
                },
                {
                    "type": "write",
                    "address": "0x02",
                    "data": "0x11"
                },
                {
                    "type": "write",
                    "address": "0x08",
                    "data": "0xF1"
                },
                {
                    "type": "write",
                    "address": "0x09",
                    "data": "0x01"
                },
                {
                    "type": "write",
                    "address": "0x02",
                    "data": "0x21"
                },
                {
                    "type": "write",
                    "address": "0x08",
                    "data": "0x00"
                },
                {
                    "type": "write",
                    "address": "0x09",
                    "data": "0x00"
                },
                {
                    "type": "write",
                    "address": "0x02",
                    "data": "0x11"
                },
                {
                    "type": "write",
                    "address": "0x08",
                    "data": "0xEA"
                },
                {
                    "type": "write",
                    "address": "0x09",
                    "data": "0xB4"
                },
                {
                    "type": "write",
                    "address": "0x09",
                    "data": "0x03"
                },
                {
                    "type": "write",
                    "address": "0x09",
                    "data": "0xC8"
                },
                {
                    "type": "write",
                    "address": "0x09",
                    "data": "0x03"
                },
                {
                    "type": "write",
                    "address": "0x09",
                    "data": "0x01"
                },
                {
                    "type": "write",
                    "address": "0x09",
                    "data": "0x00"
                },
                {
                    "type": "write",
                    "address": "0x09",
                    "data": "0x14"
                },
                {
                    "type": "write",
                    "address": "0x02",
                    "data": "0x11"
                },
                {
                    "type": "write",
                    "address": "0x08",
                    "data": "0xF2"
                },
                {
                    "type": "write",
                    "address": "0x09",
                    "data": "0xFF"
                },
                {
                    "type": "write",
                    "address": "0x02",
                    "data": "0x11"
                },
                {
                    "type": "write",
                    "address": "0x08",
                    "data": "0xFA"
                },
                {
                    "type": "write",
                    "address": "0x09",
                    "data": "0x5C"
                },
                {
                    "type": "write",
                    "address": "0x09",
                    "data": "0x03"
                },
                {
                    "type": "write",
                    "address": "0x09",
                    "data": "0xE6"
                },
                {
                    "type": "write",
                    "address": "0x09",
                    "data": "0x03"
                },
                {
                    "type": "write",
                    "address": "0x09",
                    "data": "0xF2"
                },
                {
                    "type": "write",
                    "address": "0x09",
                    "data": "0x03"
                },
                {
                    "type": "write",
                    "address": "0x02",
                    "data": "0x31"
                },
                {
                    "type": "write",
                    "address": "0x08",
                    "data": "0x5C"
                },
                {
                    "type": "write",
                    "address": "0x09",
                    "data": "0x3F"
                },
                {
                    "type": "write",
                    "address": "0x09",
                    "data": "0x00"
                },
                {
                    "type": "write",
                    "address": "0x09",
                    "data": "0x11"
                },
                {
                    "type": "write",
                    "address": "0x09",
                    "data": "0x0C"
                },
                {
                    "type": "write",
                    "address": "0x09",
                    "data": "0x00"
                },
                {
                    "type": "write",
                    "address": "0x09",
                    "data": "0xFC"
                },
                {
                    "type": "write",
                    "address": "0x09",
                    "data": "0x00"
                },
                {
                    "type": "write",
                    "address": "0x09",
                    "data": "0x7C"
                },
                {
                    "type": "write",
                    "address": "0x09",
                    "data": "0x03"
                },
                {
                    "type": "write",
                    "address": "0x09",
                    "data": "0x08"
                },
                {
                    "type": "write",
                    "address": "0x09",
                    "data": "0x00"
                },
                {
                    "type": "write",
                    "address": "0x09",
                    "data": "0xFC"
                },
                {
                    "type": "write",
                    "address": "0x09",
                    "data": "0x00"
                },
                {
                    "type": "write",
                    "address": "0x09",
                    "data": "0x7C"
                },
                {
                    "type": "write",
                    "address": "0x09",
                    "data": "0x02"
                },
                {
                    "type": "write",
                    "address": "0x09",
                    "data": "0x20"
                },
                {
                    "type": "write",
                    "address": "0x09",
                    "data": "0x00"
                },
                {
                    "type": "write",
                    "address": "0x09",
                    "data": "0x00"
                },
                {
                    "type": "write",
                    "address": "0x09",
                    "data": "0x00"
                },
                {
                    "type": "write",
                    "address": "0x09",
                    "data": "0xA4"
                },
                {
                    "type": "write",
                    "address": "0x09",
                    "data": "0x00"
                },
                {
                    "type": "write",
                    "address": "0x09",
                    "data": "0x00"
                },
                {
                    "type": "write",
                    "address": "0x09",
                    "data": "0x11"
                },
                {
                    "type": "write",
                    "address": "0x09",
                    "data": "0xA4"
                },
                {
                    "type": "write",
                    "address": "0x09",
                    "data": "0x00"
                },
                {
                    "type": "write",
                    "address": "0x09",
                    "data": "0xFC"
                },
                {
                    "type": "write",
                    "address": "0x09",
                    "data": "0x00"
                },
                {
                    "type": "write",
                    "address": "0x09",
                    "data": "0x7C"
                },
                {
                    "type": "write",
                    "address": "0x09",
                    "data": "0x10"
                },
                {
                    "type": "write",
                    "address": "0x09",
                    "data": "0x0C"
                },
                {
                    "type": "write",
                    "address": "0x09",
                    "data": "0x00"
                },
                {
                    "type": "write",
                    "address": "0x09",
                    "data": "0xFC"
                },
                {
                    "type": "write",
                    "address": "0x09",
                    "data": "0x00"
                },
                {
                    "type": "write",
                    "address": "0x09",
                    "data": "0x7C"
                },
                {
                    "type": "write",
                    "address": "0x09",
                    "data": "0x10"
                },
                {
                    "type": "write",
                    "address": "0x09",
                    "data": "0x90"
                },
                {
                    "type": "write",
                    "address": "0x09",
                    "data": "0x00"
                },
                {
                    "type": "write",
                    "address": "0x09",
                    "data": "0xFC"
                },
                {
                    "type": "write",
                    "address": "0x09",
                    "data": "0x00"
                },
                {
                    "type": "write",
                    "address": "0x09",
                    "data": "0x7C"
                },
                {
                    "type": "write",
                    "address": "0x09",
                    "data": "0x01"
                },
                {
                    "type": "write",
                    "address": "0x09",
                    "data": "0xA4"
                },
                {
                    "type": "write",
                    "address": "0x09",
                    "data": "0x00"
                },
                {
                    "type": "write",
                    "address": "0x09",
                    "data": "0x00"
                },
                {
                    "type": "write",
                    "address": "0x09",
                    "data": "0x00"
                },
                {
                    "type": "write",
                    "address": "0x09",
                    "data": "0x00"
                },
                {
                    "type": "write",
                    "address": "0x09",
                    "data": "0x03"
                },
                {
                    "type": "write",
                    "address": "0x09",
                    "data": "0x04"
                },
                {
                    "type": "write",
                    "address": "0x09",
                    "data": "0x00"
                },
                {
                    "type": "write",
                    "address": "0x09",
                    "data": "0xFC"
                },
                {
                    "type": "write",
                    "address": "0x09",
                    "data": "0x00"
                },
                {
                    "type": "write",
                    "address": "0x09",
                    "data": "0x7C"
                },
                {
                    "type": "write",
                    "address": "0x09",
                    "data": "0x02"
                },
                {
                    "type": "write",
                    "address": "0x09",
                    "data": "0x04"
                },
                {
                    "type": "write",
                    "address": "0x09",
                    "data": "0x00"
                },
                {
                    "type": "write",
                    "address": "0x09",
                    "data": "0x00"
                },
                {
                    "type": "write",
                    "address": "0x09",
                    "data": "0x11"
                },
                {
                    "type": "write",
                    "address": "0x09",
                    "data": "0x08"
                },
                {
                    "type": "write",
                    "address": "0x09",
                    "data": "0x00"
                },
                {
                    "type": "write",
                    "address": "0x09",
                    "data": "0xFC"
                },
                {
                    "type": "write",
                    "address": "0x09",
                    "data": "0x00"
                },
                {
                    "type": "write",
                    "address": "0x09",
                    "data": "0x7C"
                },
                {
                    "type": "write",
                    "address": "0x09",
                    "data": "0x03"
                },
                {
                    "type": "write",
                    "address": "0x09",
                    "data": "0x18"
                },
                {
                    "type": "write",
                    "address": "0x09",
                    "data": "0x00"
                },
                {
                    "type": "write",
                    "address": "0x09",
                    "data": "0xFC"
                },
                {
                    "type": "write",
                    "address": "0x09",
                    "data": "0x00"
                },
                {
                    "type": "write",
                    "address": "0x09",
                    "data": "0x7C"
                },
                {
                    "type": "write",
                    "address": "0x09",
                    "data": "0x01"
                },
                {
                    "type": "write",
                    "address": "0x09",
                    "data": "0x04"
                },
                {
                    "type": "write",
                    "address": "0x09",
                    "data": "0x00"
                },
                {
                    "type": "write",
                    "address": "0x09",
                    "data": "0x00"
                },
                {
                    "type": "write",
                    "address": "0x09",
                    "data": "0x00"
                },
                {
                    "type": "write",
                    "address": "0x09",
                    "data": "0x00"
                },
                {
                    "type": "write",
                    "address": "0x09",
                    "data": "0x10"
                },
                {
                    "type": "write",
                    "address": "0x09",
                    "data": "0x18"
                },
                {
                    "type": "write",
                    "address": "0x09",
                    "data": "0x00"
                },
                {
                    "type": "write",
                    "address": "0x09",
                    "data": "0xFC"
                },
                {
                    "type": "write",
                    "address": "0x09",
                    "data": "0x00"
                },
                {
                    "type": "write",
                    "address": "0x09",
                    "data": "0x7C"
                },
                {
                    "type": "write",
                    "address": "0x09",
                    "data": "0x03"
                },
                {
                    "type": "write",
                    "address": "0x09",
                    "data": "0x20"
                },
                {
                    "type": "write",
                    "address": "0x09",
                    "data": "0x00"
                },
                {
                    "type": "write",
                    "address": "0x09",
                    "data": "0xFC"
                },
                {
                    "type": "write",
                    "address": "0x09",
                    "data": "0x00"
                },
                {
                    "type": "write",
                    "address": "0x09",
                    "data": "0x7C"
                },
                {
                    "type": "write",
                    "address": "0x09",
                    "data": "0x1F"
                },
                {
                    "type": "write",
                    "address": "0x09",
                    "data": "0x00"
                },
                {
                    "type": "write",
                    "address": "0x02",
                    "data": "0x31"
                },
                {
                    "type": "write",
                    "address": "0x08",
                    "data": "0xE6"
                },
                {
                    "type": "write",
                    "address": "0x09",
                    "data": "0x00"
                },
                {
                    "type": "write",
                    "address": "0x09",
                    "data": "0x00"
                },
                {
                    "type": "write",
                    "address": "0x09",
                    "data": "0x00"
                },
                {
                    "type": "write",
                    "address": "0x09",
                    "data": "0x00"
                },
                {
                    "type": "write",
                    "address": "0x09",
                    "data": "0x00"
                },
                {
                    "type": "write",
                    "address": "0x09",
                    "data": "0x00"
                },
                {
                    "type": "write",
                    "address": "0x09",
                    "data": "0x00"
                },
                {
                    "type": "write",
                    "address": "0x09",
                    "data": "0x00"
                },
                {
                    "type": "write",
                    "address": "0x09",
                    "data": "0x00"
                },
                {
                    "type": "write",
                    "address": "0x09",
                    "data": "0x00"
                },
                {
                    "type": "write",
                    "address": "0x09",
                    "data": "0x00"
                },
                {
                    "type": "write",
                    "address": "0x01",
                    "data": "0x00"
                },
                {
                    "type": "write",
                    "address": "0x01",
                    "data": "0x80"
                },
                {
                    "type": "write",
                    "address": "0x17",
                    "data": "0x40"
                },
                {
                    "type": "write",
                    "address": "0x02",
                    "data": "0x31"
                },
                {
                    "type": "write",
                    "address": "0x08",
                    "data": "0xF2"
                },
                {
                    "type": "write",
                    "address": "0x09",
                    "data": "0x74"
                },
                {
                    "type": "write",
                    "address": "0x09",
                    "data": "0x1F"
                },
                {
                    "type": "write",
                    "address": "0x09",
                    "data": "0x0F"
                },
                {
                    "type": "write",
                    "address": "0x09",
                    "data": "0x8C"
                },
                {
                    "type": "write",
                    "address": "0x09",
                    "data": "0x64"
                },
                {
                    "type": "write",
                    "address": "0x09",
                    "data": "0x3C"
                },
                {
                    "type": "write",
                    "address": "0x09",
                    "data": "0x07"
                },
                {
                    "type": "write",
                    "address": "0x09",
                    "data": "0x80"
                },
                {
                    "type": "write",
                    "address": "0x09",
                    "data": "0x00"
                },
                {
                    "type": "write",
                    "address": "0x09",
                    "data": "0x1B"
                },
                {
                    "type": "write",
                    "address": "0x09",
                    "data": "0x04"
                },
                {
                    "type": "write",
                    "address": "0x09",
                    "data": "0x88"
                },
                {
                    "type": "write",
                    "address": "0x09",
                    "data": "0x6F"
                },
                {
                    "type": "write",
                    "address": "0x09",
                    "data": "0x14"
                },
                {
                    "type": "write",
                    "address": "0x02",
                    "data": "0x41"
                },
                {
                    "type": "write",
                    "address": "0x08",
                    "data": "0x00"
                },
                {
                    "type": "write",
                    "address": "0x09",
                    "data": "0x51"
                },
                {
                    "type": "write",
                    "address": "0x09",
                    "data": "0xE9"
                },
                {
                    "type": "write",
                    "address": "0x09",
                    "data": "0x5B"
                },
                {
                    "type": "write",
                    "address": "0x09",
                    "data": "0x28"
                },
                {
                    "type": "write",
                    "address": "0x09",
                    "data": "0x90"
                },
                {
                    "type": "write",
                    "address": "0x09",
                    "data": "0xA9"
                },
                {
                    "type": "write",
                    "address": "0x09",
                    "data": "0x12"
                },
                {
                    "type": "write",
                    "address": "0x09",
                    "data": "0x3C"
                },
                {
                    "type": "write",
                    "address": "0x09",
                    "data": "0x68"
                },
                {
                    "type": "write",
                    "address": "0x09",
                    "data": "0xC0"
                },
                {
                    "type": "write",
                    "address": "0x09",
                    "data": "0x14"
                },
                {
                    "type": "write",
                    "address": "0x09",
                    "data": "0x3C"
                },
                {
                    "type": "write",
                    "address": "0x09",
                    "data": "0x1D"
                },
                {
                    "type": "write",
                    "address": "0x09",
                    "data": "0xE0"
                },
                {
                    "type": "write",
                    "address": "0x09",
                    "data": "0xDB"
                },
                {
                    "type": "write",
                    "address": "0x09",
                    "data": "0x34"
                },
                {
                    "type": "write",
                    "address": "0x09",
                    "data": "0x0D"
                },
                {
                    "type": "write",
                    "address": "0x09",
                    "data": "0x8E"
                },
                {
                    "type": "write",
                    "address": "0x09",
                    "data": "0x3E"
                },
                {
                    "type": "write",
                    "address": "0x09",
                    "data": "0x37"
                },
                {
                    "type": "write",
                    "address": "0x09",
                    "data": "0x0B"
                },
                {
                    "type": "write",
                    "address": "0x09",
                    "data": "0x84"
                },
                {
                    "type": "write",
                    "address": "0x09",
                    "data": "0x41"
                },
                {
                    "type": "write",
                    "address": "0x09",
                    "data": "0x37"
                },
                {
                    "type": "write",
                    "address": "0x09",
                    "data": "0x00"
                },
                {
                    "type": "write",
                    "address": "0x09",
                    "data": "0xA9"
                },
                {
                    "type": "write",
                    "address": "0x09",
                    "data": "0x7A"
                },
                {
                    "type": "write",
                    "address": "0x09",
                    "data": "0x2D"
                },
                {
                    "type": "write",
                    "address": "0x09",
                    "data": "0x81"
                },
                {
                    "type": "write",
                    "address": "0x09",
                    "data": "0xE3"
                },
                {
                    "type": "write",
                    "address": "0x09",
                    "data": "0x41"
                },
                {
                    "type": "write",
                    "address": "0x09",
                    "data": "0x1D"
                },
                {
                    "type": "write",
                    "address": "0x09",
                    "data": "0xC1"
                },
                {
                    "type": "write",
                    "address": "0x09",
                    "data": "0xCC"
                },
                {
                    "type": "write",
                    "address": "0x09",
                    "data": "0x00"
                },
                {
                    "type": "write",
                    "address": "0x09",
                    "data": "0x3E"
                },
                {
                    "type": "write",
                    "address": "0x09",
                    "data": "0x5D"
                },
                {
                    "type": "write",
                    "address": "0x09",
                    "data": "0xE0"
                },
                {
                    "type": "write",
                    "address": "0x09",
                    "data": "0x86"
                },
                {
                    "type": "write",
                    "address": "0x09",
                    "data": "0x3E"
                },
                {
                    "type": "write",
                    "address": "0x09",
                    "data": "0xE8"
                },
                {
                    "type": "write",
                    "address": "0x09",
                    "data": "0xCB"
                },
                {
                    "type": "write",
                    "address": "0x09",
                    "data": "0x9A"
                },
                {
                    "type": "write",
                    "address": "0x09",
                    "data": "0x40"
                },
                {
                    "type": "write",
                    "address": "0x09",
                    "data": "0xC5"
                },
                {
                    "type": "write",
                    "address": "0x09",
                    "data": "0xE4"
                },
                {
                    "type": "write",
                    "address": "0x09",
                    "data": "0x64"
                },
                {
                    "type": "write",
                    "address": "0x09",
                    "data": "0x3D"
                },
                {
                    "type": "write",
                    "address": "0x09",
                    "data": "0x04"
                },
                {
                    "type": "write",
                    "address": "0x09",
                    "data": "0xC4"
                },
                {
                    "type": "write",
                    "address": "0x09",
                    "data": "0x9B"
                },
                {
                    "type": "write",
                    "address": "0x09",
                    "data": "0x42"
                },
                {
                    "type": "write",
                    "address": "0x09",
                    "data": "0xD0"
                },
                {
                    "type": "write",
                    "address": "0x09",
                    "data": "0xA0"
                },
                {
                    "type": "write",
                    "address": "0x09",
                    "data": "0x64"
                },
                {
                    "type": "write",
                    "address": "0x09",
                    "data": "0x5A"
                },
                {
                    "type": "write",
                    "address": "0x09",
                    "data": "0xC0"
                },
                {
                    "type": "write",
                    "address": "0x09",
                    "data": "0xA2"
                },
                {
                    "type": "write",
                    "address": "0x09",
                    "data": "0x71"
                },
                {
                    "type": "write",
                    "address": "0x09",
                    "data": "0x42"
                },
                {
                    "type": "write",
                    "address": "0x09",
                    "data": "0x50"
                },
                {
                    "type": "write",
                    "address": "0x09",
                    "data": "0xA1"
                },
                {
                    "type": "write",
                    "address": "0x09",
                    "data": "0x5C"
                },
                {
                    "type": "write",
                    "address": "0x09",
                    "data": "0x3E"
                },
                {
                    "type": "write",
                    "address": "0x09",
                    "data": "0xD0"
                },
                {
                    "type": "write",
                    "address": "0x09",
                    "data": "0xA8"
                },
                {
                    "type": "write",
                    "address": "0x09",
                    "data": "0x0E"
                },
                {
                    "type": "write",
                    "address": "0x09",
                    "data": "0x44"
                },
                {
                    "type": "write",
                    "address": "0x09",
                    "data": "0x17"
                },
                {
                    "type": "write",
                    "address": "0x09",
                    "data": "0x89"
                },
                {
                    "type": "write",
                    "address": "0x09",
                    "data": "0x60"
                },
                {
                    "type": "write",
                    "address": "0x09",
                    "data": "0x3F"
                },
                {
                    "type": "write",
                    "address": "0x09",
                    "data": "0x50"
                },
                {
                    "type": "write",
                    "address": "0x09",
                    "data": "0xA0"
                },
                {
                    "type": "write",
                    "address": "0x09",
                    "data": "0xF3"
                },
                {
                    "type": "write",
                    "address": "0x09",
                    "data": "0x3D"
                },
                {
                    "type": "write",
                    "address": "0x09",
                    "data": "0xCD"
                },
                {
                    "type": "write",
                    "address": "0x09",
                    "data": "0xE0"
                },
                {
                    "type": "write",
                    "address": "0x09",
                    "data": "0x8E"
                },
                {
                    "type": "write",
                    "address": "0x09",
                    "data": "0x40"
                },
                {
                    "type": "write",
                    "address": "0x09",
                    "data": "0x81"
                },
                {
                    "type": "write",
                    "address": "0x09",
                    "data": "0xC0"
                },
                {
                    "type": "write",
                    "address": "0x09",
                    "data": "0xA7"
                },
                {
                    "type": "write",
                    "address": "0x09",
                    "data": "0x40"
                },
                {
                    "type": "write",
                    "address": "0x09",
                    "data": "0xC5"
                },
                {
                    "type": "write",
                    "address": "0x09",
                    "data": "0xE0"
                },
                {
                    "type": "write",
                    "address": "0x01",
                    "data": "0x80"
                },
                {
                    "type": "write",
                    "address": "0x17",
                    "data": "0x00"
                },
                {
                    "type": "write",
                    "address": "0x04",
                    "data": "0x00"
                },
                {
                    "type": "write",
                    "address": "0x05",
                    "data": "0x10"
                },
                {
                    "type": "write",
                    "address": "0x02",
                    "data": "0x01"
                },
                {
                    "type": "write",
                    "address": "0x01",
                    "data": "0x00"
                },
                {
                    "type": "write",
                    "address": "0x5E",
                    "data": "0x02"
                },
                {
                    "type": "write",
                    "address": "0x01",
                    "data": "0x80"
                },
                {
                    "type": "write",
                    "address": "0x0D",
                    "data": "0x01"
                },
                {
                    "type": "write",
                    "address": "0x60",
                    "data": "0x45"
                },
                {
                    "type": "write",
                    "address": "0x45",
                    "data": "0x02"
                },
                {
                    "type": "write",
                    "address": "0x01",
                    "data": "0x00"
                },
                {
                    "type": "write",
                    "address": "0x10",
                    "data": "0x07"
                },
                {
                    "type": "write",
                    "address": "0x11",
                    "data": "0x07"
                },
                {
                    "type": "write",
                    "address": "0x15",
                    "data": "0x04"
                },
                {
                    "type": "write",
                    "address": "0x17",
                    "data": "0x03"
                }
            ]
        }
    ],
    "staiotcraft_info": {
        "project_name": "LICENSE_METRIC",
        "project_id": "2134888a-9c1f-4428-997f-6d5dbe3c093e",
        "model_name": "Alpha_Model",
        "model_id": "998709b5-b41e-491e-b922-bddb5dfaffeb"
    }
}