{
    "description": "Generated sensor configuration for MLC core",
    "date": "2025-03-12 16:09:48",
    "json_format": {
        "type": "reg_config",
        "version": "2.0"
    },
    "application": {
        "name": "MLC Tool",
        "version": "2.0.7"
    },
    "sensors": [
        {
            "name": [
                "LSM6DSV16X"
            ],
            "outputs": [
                {
                    "name": "Categorical output",
                    "core": "MLC",
                    "type": "uint8_t",
                    "len": "1",
                    "reg_addr": "0x70",
                    "reg_name": "MLC1_SRC",
                    "results": [
                        {
                            "code": "0x00",
                            "label": "Straight_Slow"
                        },
                        {
                            "code": "0x01",
                            "label": "Break_Slow"
                        },
                        {
                            "code": "0x04",
                            "label": "Straight_Fast"
                        },
                        {
                            "code": "0x05",
                            "label": "Break_Fast"
                        },
                        {
                            "code": "0x08",
                            "label": "Turn_Slow"
                        },
                        {
                            "code": "0x09",
                            "label": "Stationary"
                        },
                        {
                            "code": "0x0C",
                            "label": "Turn_Fast"
                        },
                        {
                            "code": "0x0D",
                            "label": "Little_Turbulence"
                        }
                    ]
                }
            ],
            "fifo_encodings": [
                {
                    "tag": "0x1C",
                    "id": "0x03C4",
                    "label": "F1_ABS_MAXIMUM_GYR_V"
                },
                {
                    "tag": "0x1C",
                    "id": "0x03C6",
                    "label": "F2_MAXIMUM_ACC_Z"
                },
                {
                    "tag": "0x1C",
                    "id": "0x03C8",
                    "label": "F3_PEAK_TO_PEAK_ACC_Y"
                },
                {
                    "tag": "0x1C",
                    "id": "0x03CA",
                    "label": "F4_ABS_MINIMUM_GYR_V"
                },
                {
                    "tag": "0x1C",
                    "id": "0x03CC",
                    "label": "F5_ENERGY_GYR_Z"
                },
                {
                    "tag": "0x1C",
                    "id": "0x03CE",
                    "label": "F6_MEAN_ACC_Y"
                },
                {
                    "tag": "0x1C",
                    "id": "0x03D0",
                    "label": "F7_ENERGY_ACC_Y"
                },
                {
                    "tag": "0x1C",
                    "id": "0x03D2",
                    "label": "F8_ABS_MEAN_GYR_V"
                },
                {
                    "tag": "0x1C",
                    "id": "0x03D4",
                    "label": "F9_VARIANCE_ACC_X"
                },
                {
                    "tag": "0x1C",
                    "id": "0x03D6",
                    "label": "F10_MAXIMUM_GYR_Z"
                },
                {
                    "tag": "0x1C",
                    "id": "0x03D8",
                    "label": "F11_MAXIMUM_ACC_Y"
                },
                {
                    "tag": "0x1C",
                    "id": "0x03DA",
                    "label": "F12_ENERGY_GYR_X"
                },
                {
                    "tag": "0x1C",
                    "id": "0x03DC",
                    "label": "F13_MINIMUM_ACC_Z"
                },
                {
                    "tag": "0x1C",
                    "id": "0x03DE",
                    "label": "F14_PEAK_TO_PEAK_GYR_Z"
                },
                {
                    "tag": "0x1C",
                    "id": "0x03E0",
                    "label": "F15_MINIMUM_GYR_Z"
                }
            ],
            "configuration": [
                {
                    "type": "write",
                    "address": "0x10",
                    "data": "0x00"
                },
                {
                    "type": "write",
                    "address": "0x11",
                    "data": "0x00"
                },
                {
                    "type": "write",
                    "address": "0x01",
                    "data": "0x80"
                },
                {
                    "type": "write",
                    "address": "0x04",
                    "data": "0x00"
                },
                {
                    "type": "write",
                    "address": "0x05",
                    "data": "0x00"
                },
                {
                    "type": "write",
                    "address": "0x17",
                    "data": "0x40"
                },
                {
                    "type": "write",
                    "address": "0x02",
                    "data": "0x11"
                },
                {
                    "type": "write",
                    "address": "0x08",
                    "data": "0xE8"
                },
                {
                    "type": "write",
                    "address": "0x09",
                    "data": "0x00"
                },
                {
                    "type": "write",
                    "address": "0x09",
                    "data": "0x3C"
                },
                {
                    "type": "write",
                    "address": "0x02",
                    "data": "0x11"
                },
                {
                    "type": "write",
                    "address": "0x08",
                    "data": "0xF1"
                },
                {
                    "type": "write",
                    "address": "0x09",
                    "data": "0x01"
                },
                {
                    "type": "write",
                    "address": "0x02",
                    "data": "0x21"
                },
                {
                    "type": "write",
                    "address": "0x08",
                    "data": "0x00"
                },
                {
                    "type": "write",
                    "address": "0x09",
                    "data": "0x00"
                },
                {
                    "type": "write",
                    "address": "0x02",
                    "data": "0x11"
                },
                {
                    "type": "write",
                    "address": "0x08",
                    "data": "0xEA"
                },
                {
                    "type": "write",
                    "address": "0x09",
                    "data": "0xB0"
                },
                {
                    "type": "write",
                    "address": "0x09",
                    "data": "0x03"
                },
                {
                    "type": "write",
                    "address": "0x09",
                    "data": "0xC4"
                },
                {
                    "type": "write",
                    "address": "0x09",
                    "data": "0x03"
                },
                {
                    "type": "write",
                    "address": "0x09",
                    "data": "0x01"
                },
                {
                    "type": "write",
                    "address": "0x09",
                    "data": "0x00"
                },
                {
                    "type": "write",
                    "address": "0x09",
                    "data": "0x14"
                },
                {
                    "type": "write",
                    "address": "0x02",
                    "data": "0x11"
                },
                {
                    "type": "write",
                    "address": "0x08",
                    "data": "0xF2"
                },
                {
                    "type": "write",
                    "address": "0x09",
                    "data": "0xFF"
                },
                {
                    "type": "write",
                    "address": "0x02",
                    "data": "0x11"
                },
                {
                    "type": "write",
                    "address": "0x08",
                    "data": "0xFA"
                },
                {
                    "type": "write",
                    "address": "0x09",
                    "data": "0x5C"
                },
                {
                    "type": "write",
                    "address": "0x09",
                    "data": "0x03"
                },
                {
                    "type": "write",
                    "address": "0x09",
                    "data": "0xE2"
                },
                {
                    "type": "write",
                    "address": "0x09",
                    "data": "0x03"
                },
                {
                    "type": "write",
                    "address": "0x09",
                    "data": "0xEE"
                },
                {
                    "type": "write",
                    "address": "0x09",
                    "data": "0x03"
                },
                {
                    "type": "write",
                    "address": "0x02",
                    "data": "0x31"
                },
                {
                    "type": "write",
                    "address": "0x08",
                    "data": "0x5C"
                },
                {
                    "type": "write",
                    "address": "0x09",
                    "data": "0x3F"
                },
                {
                    "type": "write",
                    "address": "0x09",
                    "data": "0x00"
                },
                {
                    "type": "write",
                    "address": "0x09",
                    "data": "0x11"
                },
                {
                    "type": "write",
                    "address": "0x09",
                    "data": "0xA4"
                },
                {
                    "type": "write",
                    "address": "0x09",
                    "data": "0x00"
                },
                {
                    "type": "write",
                    "address": "0x09",
                    "data": "0xFC"
                },
                {
                    "type": "write",
                    "address": "0x09",
                    "data": "0x00"
                },
                {
                    "type": "write",
                    "address": "0x09",
                    "data": "0x7C"
                },
                {
                    "type": "write",
                    "address": "0x09",
                    "data": "0x11"
                },
                {
                    "type": "write",
                    "address": "0x09",
                    "data": "0x0C"
                },
                {
                    "type": "write",
                    "address": "0x09",
                    "data": "0x00"
                },
                {
                    "type": "write",
                    "address": "0x09",
                    "data": "0xFC"
                },
                {
                    "type": "write",
                    "address": "0x09",
                    "data": "0x00"
                },
                {
                    "type": "write",
                    "address": "0x09",
                    "data": "0x7C"
                },
                {
                    "type": "write",
                    "address": "0x09",
                    "data": "0x03"
                },
                {
                    "type": "write",
                    "address": "0x09",
                    "data": "0x08"
                },
                {
                    "type": "write",
                    "address": "0x09",
                    "data": "0x00"
                },
                {
                    "type": "write",
                    "address": "0x09",
                    "data": "0xFC"
                },
                {
                    "type": "write",
                    "address": "0x09",
                    "data": "0x00"
                },
                {
                    "type": "write",
                    "address": "0x09",
                    "data": "0x7C"
                },
                {
                    "type": "write",
                    "address": "0x09",
                    "data": "0x10"
                },
                {
                    "type": "write",
                    "address": "0x09",
                    "data": "0xA4"
                },
                {
                    "type": "write",
                    "address": "0x09",
                    "data": "0x00"
                },
                {
                    "type": "write",
                    "address": "0x09",
                    "data": "0xFC"
                },
                {
                    "type": "write",
                    "address": "0x09",
                    "data": "0x00"
                },
                {
                    "type": "write",
                    "address": "0x09",
                    "data": "0x7C"
                },
                {
                    "type": "write",
                    "address": "0x09",
                    "data": "0x02"
                },
                {
                    "type": "write",
                    "address": "0x09",
                    "data": "0x20"
                },
                {
                    "type": "write",
                    "address": "0x09",
                    "data": "0x00"
                },
                {
                    "type": "write",
                    "address": "0x09",
                    "data": "0x00"
                },
                {
                    "type": "write",
                    "address": "0x09",
                    "data": "0x00"
                },
                {
                    "type": "write",
                    "address": "0x09",
                    "data": "0x08"
                },
                {
                    "type": "write",
                    "address": "0x09",
                    "data": "0x00"
                },
                {
                    "type": "write",
                    "address": "0x09",
                    "data": "0x00"
                },
                {
                    "type": "write",
                    "address": "0x09",
                    "data": "0x02"
                },
                {
                    "type": "write",
                    "address": "0x09",
                    "data": "0x08"
                },
                {
                    "type": "write",
                    "address": "0x09",
                    "data": "0x00"
                },
                {
                    "type": "write",
                    "address": "0x09",
                    "data": "0x00"
                },
                {
                    "type": "write",
                    "address": "0x09",
                    "data": "0x00"
                },
                {
                    "type": "write",
                    "address": "0x09",
                    "data": "0xA4"
                },
                {
                    "type": "write",
                    "address": "0x09",
                    "data": "0x00"
                },
                {
                    "type": "write",
                    "address": "0x09",
                    "data": "0x00"
                },
                {
                    "type": "write",
                    "address": "0x09",
                    "data": "0x01"
                },
                {
                    "type": "write",
                    "address": "0x09",
                    "data": "0x04"
                },
                {
                    "type": "write",
                    "address": "0x09",
                    "data": "0x00"
                },
                {
                    "type": "write",
                    "address": "0x09",
                    "data": "0x00"
                },
                {
                    "type": "write",
                    "address": "0x09",
                    "data": "0x00"
                },
                {
                    "type": "write",
                    "address": "0x09",
                    "data": "0x00"
                },
                {
                    "type": "write",
                    "address": "0x09",
                    "data": "0x11"
                },
                {
                    "type": "write",
                    "address": "0x09",
                    "data": "0x20"
                },
                {
                    "type": "write",
                    "address": "0x09",
                    "data": "0x00"
                },
                {
                    "type": "write",
                    "address": "0x09",
                    "data": "0xFC"
                },
                {
                    "type": "write",
                    "address": "0x09",
                    "data": "0x00"
                },
                {
                    "type": "write",
                    "address": "0x09",
                    "data": "0x7C"
                },
                {
                    "type": "write",
                    "address": "0x09",
                    "data": "0x11"
                },
                {
                    "type": "write",
                    "address": "0x09",
                    "data": "0x08"
                },
                {
                    "type": "write",
                    "address": "0x09",
                    "data": "0x00"
                },
                {
                    "type": "write",
                    "address": "0x09",
                    "data": "0xFC"
                },
                {
                    "type": "write",
                    "address": "0x09",
                    "data": "0x00"
                },
                {
                    "type": "write",
                    "address": "0x09",
                    "data": "0x7C"
                },
                {
                    "type": "write",
                    "address": "0x09",
                    "data": "0x02"
                },
                {
                    "type": "write",
                    "address": "0x09",
                    "data": "0x18"
                },
                {
                    "type": "write",
                    "address": "0x09",
                    "data": "0x00"
                },
                {
                    "type": "write",
                    "address": "0x09",
                    "data": "0x00"
                },
                {
                    "type": "write",
                    "address": "0x09",
                    "data": "0x10"
                },
                {
                    "type": "write",
                    "address": "0x09",
                    "data": "0x0C"
                },
                {
                    "type": "write",
                    "address": "0x09",
                    "data": "0x00"
                },
                {
                    "type": "write",
                    "address": "0x09",
                    "data": "0xFC"
                },
                {
                    "type": "write",
                    "address": "0x09",
                    "data": "0x00"
                },
                {
                    "type": "write",
                    "address": "0x09",
                    "data": "0x7C"
                },
                {
                    "type": "write",
                    "address": "0x09",
                    "data": "0x03"
                },
                {
                    "type": "write",
                    "address": "0x09",
                    "data": "0x20"
                },
                {
                    "type": "write",
                    "address": "0x09",
                    "data": "0x00"
                },
                {
                    "type": "write",
                    "address": "0x09",
                    "data": "0xFC"
                },
                {
                    "type": "write",
                    "address": "0x09",
                    "data": "0x00"
                },
                {
                    "type": "write",
                    "address": "0x09",
                    "data": "0x7C"
                },
                {
                    "type": "write",
                    "address": "0x09",
                    "data": "0x10"
                },
                {
                    "type": "write",
                    "address": "0x09",
                    "data": "0x20"
                },
                {
                    "type": "write",
                    "address": "0x09",
                    "data": "0x00"
                },
                {
                    "type": "write",
                    "address": "0x09",
                    "data": "0xFC"
                },
                {
                    "type": "write",
                    "address": "0x09",
                    "data": "0x00"
                },
                {
                    "type": "write",
                    "address": "0x09",
                    "data": "0x7C"
                },
                {
                    "type": "write",
                    "address": "0x09",
                    "data": "0x1F"
                },
                {
                    "type": "write",
                    "address": "0x09",
                    "data": "0x00"
                },
                {
                    "type": "write",
                    "address": "0x02",
                    "data": "0x31"
                },
                {
                    "type": "write",
                    "address": "0x08",
                    "data": "0xE2"
                },
                {
                    "type": "write",
                    "address": "0x09",
                    "data": "0x00"
                },
                {
                    "type": "write",
                    "address": "0x09",
                    "data": "0x00"
                },
                {
                    "type": "write",
                    "address": "0x09",
                    "data": "0x00"
                },
                {
                    "type": "write",
                    "address": "0x09",
                    "data": "0x00"
                },
                {
                    "type": "write",
                    "address": "0x09",
                    "data": "0x00"
                },
                {
                    "type": "write",
                    "address": "0x09",
                    "data": "0x00"
                },
                {
                    "type": "write",
                    "address": "0x09",
                    "data": "0x00"
                },
                {
                    "type": "write",
                    "address": "0x09",
                    "data": "0x00"
                },
                {
                    "type": "write",
                    "address": "0x09",
                    "data": "0x00"
                },
                {
                    "type": "write",
                    "address": "0x09",
                    "data": "0x00"
                },
                {
                    "type": "write",
                    "address": "0x09",
                    "data": "0x00"
                },
                {
                    "type": "write",
                    "address": "0x01",
                    "data": "0x00"
                },
                {
                    "type": "write",
                    "address": "0x01",
                    "data": "0x80"
                },
                {
                    "type": "write",
                    "address": "0x17",
                    "data": "0x40"
                },
                {
                    "type": "write",
                    "address": "0x02",
                    "data": "0x31"
                },
                {
                    "type": "write",
                    "address": "0x08",
                    "data": "0xEE"
                },
                {
                    "type": "write",
                    "address": "0x09",
                    "data": "0x74"
                },
                {
                    "type": "write",
                    "address": "0x09",
                    "data": "0x1F"
                },
                {
                    "type": "write",
                    "address": "0x09",
                    "data": "0x0C"
                },
                {
                    "type": "write",
                    "address": "0x09",
                    "data": "0x88"
                },
                {
                    "type": "write",
                    "address": "0x09",
                    "data": "0x64"
                },
                {
                    "type": "write",
                    "address": "0x09",
                    "data": "0x3C"
                },
                {
                    "type": "write",
                    "address": "0x09",
                    "data": "0x29"
                },
                {
                    "type": "write",
                    "address": "0x09",
                    "data": "0xC1"
                },
                {
                    "type": "write",
                    "address": "0x09",
                    "data": "0xDB"
                },
                {
                    "type": "write",
                    "address": "0x09",
                    "data": "0x34"
                },
                {
                    "type": "write",
                    "address": "0x09",
                    "data": "0x08"
                },
                {
                    "type": "write",
                    "address": "0x09",
                    "data": "0x8D"
                },
                {
                    "type": "write",
                    "address": "0x09",
                    "data": "0x3E"
                },
                {
                    "type": "write",
                    "address": "0x09",
                    "data": "0x37"
                },
                {
                    "type": "write",
                    "address": "0x09",
                    "data": "0x06"
                },
                {
                    "type": "write",
                    "address": "0x09",
                    "data": "0x80"
                },
                {
                    "type": "write",
                    "address": "0x09",
                    "data": "0x8E"
                },
                {
                    "type": "write",
                    "address": "0x09",
                    "data": "0x46"
                },
                {
                    "type": "write",
                    "address": "0x02",
                    "data": "0x41"
                },
                {
                    "type": "write",
                    "address": "0x08",
                    "data": "0x00"
                },
                {
                    "type": "write",
                    "address": "0x09",
                    "data": "0x00"
                },
                {
                    "type": "write",
                    "address": "0x09",
                    "data": "0xA6"
                },
                {
                    "type": "write",
                    "address": "0x09",
                    "data": "0xB6"
                },
                {
                    "type": "write",
                    "address": "0x09",
                    "data": "0x2C"
                },
                {
                    "type": "write",
                    "address": "0x09",
                    "data": "0x81"
                },
                {
                    "type": "write",
                    "address": "0x09",
                    "data": "0xE7"
                },
                {
                    "type": "write",
                    "address": "0x09",
                    "data": "0x41"
                },
                {
                    "type": "write",
                    "address": "0x09",
                    "data": "0x1D"
                },
                {
                    "type": "write",
                    "address": "0x09",
                    "data": "0x71"
                },
                {
                    "type": "write",
                    "address": "0x09",
                    "data": "0xC8"
                },
                {
                    "type": "write",
                    "address": "0x09",
                    "data": "0xDE"
                },
                {
                    "type": "write",
                    "address": "0x09",
                    "data": "0x39"
                },
                {
                    "type": "write",
                    "address": "0x09",
                    "data": "0x5D"
                },
                {
                    "type": "write",
                    "address": "0x09",
                    "data": "0xE0"
                },
                {
                    "type": "write",
                    "address": "0x09",
                    "data": "0x80"
                },
                {
                    "type": "write",
                    "address": "0x09",
                    "data": "0x20"
                },
                {
                    "type": "write",
                    "address": "0x09",
                    "data": "0x91"
                },
                {
                    "type": "write",
                    "address": "0x09",
                    "data": "0xC3"
                },
                {
                    "type": "write",
                    "address": "0x09",
                    "data": "0x82"
                },
                {
                    "type": "write",
                    "address": "0x09",
                    "data": "0x36"
                },
                {
                    "type": "write",
                    "address": "0x09",
                    "data": "0x80"
                },
                {
                    "type": "write",
                    "address": "0x09",
                    "data": "0xAC"
                },
                {
                    "type": "write",
                    "address": "0x09",
                    "data": "0x8F"
                },
                {
                    "type": "write",
                    "address": "0x09",
                    "data": "0xB9"
                },
                {
                    "type": "write",
                    "address": "0x09",
                    "data": "0x10"
                },
                {
                    "type": "write",
                    "address": "0x09",
                    "data": "0xAE"
                },
                {
                    "type": "write",
                    "address": "0x09",
                    "data": "0x5E"
                },
                {
                    "type": "write",
                    "address": "0x09",
                    "data": "0x24"
                },
                {
                    "type": "write",
                    "address": "0x09",
                    "data": "0x81"
                },
                {
                    "type": "write",
                    "address": "0x09",
                    "data": "0xE3"
                },
                {
                    "type": "write",
                    "address": "0x09",
                    "data": "0x64"
                },
                {
                    "type": "write",
                    "address": "0x09",
                    "data": "0x3D"
                },
                {
                    "type": "write",
                    "address": "0x09",
                    "data": "0xD4"
                },
                {
                    "type": "write",
                    "address": "0x09",
                    "data": "0xC0"
                },
                {
                    "type": "write",
                    "address": "0x09",
                    "data": "0x9B"
                },
                {
                    "type": "write",
                    "address": "0x09",
                    "data": "0x42"
                },
                {
                    "type": "write",
                    "address": "0x09",
                    "data": "0xD0"
                },
                {
                    "type": "write",
                    "address": "0x09",
                    "data": "0xA1"
                },
                {
                    "type": "write",
                    "address": "0x09",
                    "data": "0x0A"
                },
                {
                    "type": "write",
                    "address": "0x09",
                    "data": "0x26"
                },
                {
                    "type": "write",
                    "address": "0x09",
                    "data": "0xF5"
                },
                {
                    "type": "write",
                    "address": "0x09",
                    "data": "0xC3"
                },
                {
                    "type": "write",
                    "address": "0x09",
                    "data": "0x73"
                },
                {
                    "type": "write",
                    "address": "0x09",
                    "data": "0x43"
                },
                {
                    "type": "write",
                    "address": "0x09",
                    "data": "0xC0"
                },
                {
                    "type": "write",
                    "address": "0x09",
                    "data": "0xA0"
                },
                {
                    "type": "write",
                    "address": "0x09",
                    "data": "0x16"
                },
                {
                    "type": "write",
                    "address": "0x09",
                    "data": "0x43"
                },
                {
                    "type": "write",
                    "address": "0x09",
                    "data": "0x50"
                },
                {
                    "type": "write",
                    "address": "0x09",
                    "data": "0xA2"
                },
                {
                    "type": "write",
                    "address": "0x09",
                    "data": "0xF5"
                },
                {
                    "type": "write",
                    "address": "0x09",
                    "data": "0x24"
                },
                {
                    "type": "write",
                    "address": "0x09",
                    "data": "0x17"
                },
                {
                    "type": "write",
                    "address": "0x09",
                    "data": "0x88"
                },
                {
                    "type": "write",
                    "address": "0x09",
                    "data": "0x2C"
                },
                {
                    "type": "write",
                    "address": "0x09",
                    "data": "0x4C"
                },
                {
                    "type": "write",
                    "address": "0x09",
                    "data": "0xC0"
                },
                {
                    "type": "write",
                    "address": "0x09",
                    "data": "0xAB"
                },
                {
                    "type": "write",
                    "address": "0x09",
                    "data": "0x32"
                },
                {
                    "type": "write",
                    "address": "0x09",
                    "data": "0x3C"
                },
                {
                    "type": "write",
                    "address": "0x09",
                    "data": "0x10"
                },
                {
                    "type": "write",
                    "address": "0x09",
                    "data": "0xAA"
                },
                {
                    "type": "write",
                    "address": "0x09",
                    "data": "0xD2"
                },
                {
                    "type": "write",
                    "address": "0x09",
                    "data": "0x20"
                },
                {
                    "type": "write",
                    "address": "0x09",
                    "data": "0x51"
                },
                {
                    "type": "write",
                    "address": "0x09",
                    "data": "0xC8"
                },
                {
                    "type": "write",
                    "address": "0x09",
                    "data": "0x30"
                },
                {
                    "type": "write",
                    "address": "0x09",
                    "data": "0x2B"
                },
                {
                    "type": "write",
                    "address": "0x09",
                    "data": "0x6C"
                },
                {
                    "type": "write",
                    "address": "0x09",
                    "data": "0xCE"
                },
                {
                    "type": "write",
                    "address": "0x09",
                    "data": "0xB6"
                },
                {
                    "type": "write",
                    "address": "0x09",
                    "data": "0x3D"
                },
                {
                    "type": "write",
                    "address": "0x09",
                    "data": "0x81"
                },
                {
                    "type": "write",
                    "address": "0x09",
                    "data": "0xE0"
                },
                {
                    "type": "write",
                    "address": "0x09",
                    "data": "0xB0"
                },
                {
                    "type": "write",
                    "address": "0x09",
                    "data": "0x2C"
                },
                {
                    "type": "write",
                    "address": "0x09",
                    "data": "0x84"
                },
                {
                    "type": "write",
                    "address": "0x09",
                    "data": "0xC3"
                },
                {
                    "type": "write",
                    "address": "0x09",
                    "data": "0x87"
                },
                {
                    "type": "write",
                    "address": "0x09",
                    "data": "0x40"
                },
                {
                    "type": "write",
                    "address": "0x09",
                    "data": "0xD1"
                },
                {
                    "type": "write",
                    "address": "0x09",
                    "data": "0xE1"
                },
                {
                    "type": "write",
                    "address": "0x01",
                    "data": "0x80"
                },
                {
                    "type": "write",
                    "address": "0x17",
                    "data": "0x00"
                },
                {
                    "type": "write",
                    "address": "0x04",
                    "data": "0x00"
                },
                {
                    "type": "write",
                    "address": "0x05",
                    "data": "0x10"
                },
                {
                    "type": "write",
                    "address": "0x02",
                    "data": "0x01"
                },
                {
                    "type": "write",
                    "address": "0x01",
                    "data": "0x00"
                },
                {
                    "type": "write",
                    "address": "0x5E",
                    "data": "0x02"
                },
                {
                    "type": "write",
                    "address": "0x01",
                    "data": "0x80"
                },
                {
                    "type": "write",
                    "address": "0x0D",
                    "data": "0x01"
                },
                {
                    "type": "write",
                    "address": "0x60",
                    "data": "0x45"
                },
                {
                    "type": "write",
                    "address": "0x45",
                    "data": "0x02"
                },
                {
                    "type": "write",
                    "address": "0x01",
                    "data": "0x00"
                },
                {
                    "type": "write",
                    "address": "0x10",
                    "data": "0x07"
                },
                {
                    "type": "write",
                    "address": "0x11",
                    "data": "0x07"
                },
                {
                    "type": "write",
                    "address": "0x15",
                    "data": "0x04"
                },
                {
                    "type": "write",
                    "address": "0x17",
                    "data": "0x03"
                }
            ]
        }
    ],
    "staiotcraft_info": {
        "project_name": "LICENSE_METRIC",
        "project_id": "2134888a-9c1f-4428-997f-6d5dbe3c093e",
        "model_name": "Alpha_Model",
        "model_id": "998709b5-b41e-491e-b922-bddb5dfaffeb"
    }
}