{
    "tags": [
        {
            "l": "Stationary",
            "e": true,
            "ta": "2025-03-13T00:53:56.555Z"
        },
        {
            "l": "Stationary",
            "e": false,
            "ta": "2025-03-13T00:53:57.392Z"
        }
    ],
    "name": "20250313_00_53_33",
    "description": "20250313_00_53_33",
    "uuid": "394242d7-3499-46f0-8855-271d3589787a",
    "start_time": "2025-03-13T00:53:38.000Z",
    "end_time": "2025-03-13T00:53:57.392Z",
    "data_ext": ".dat",
    "data_fmt": "HSD_2.0.0",
    "interface": 1,
    "schema_version": "2.0.0",
    "c_type": 2
}