{
    "description": "Generated sensor configuration for MLC core",
    "date": "2025-03-13 02:15:23",
    "json_format": {
        "type": "reg_config",
        "version": "2.0"
    },
    "application": {
        "name": "MLC Tool",
        "version": "2.0.7"
    },
    "sensors": [
        {
            "name": [
                "LSM6DSV16X"
            ],
            "outputs": [
                {
                    "name": "Categorical output",
                    "core": "MLC",
                    "type": "uint8_t",
                    "len": "1",
                    "reg_addr": "0x70",
                    "reg_name": "MLC1_SRC",
                    "results": [
                        {
                            "code": "0x00",
                            "label": "Straight_Slow"
                        },
                        {
                            "code": "0x01",
                            "label": "Break_Fast"
                        },
                        {
                            "code": "0x04",
                            "label": "Straight_Fast"
                        },
                        {
                            "code": "0x05",
                            "label": "Stationary"
                        },
                        {
                            "code": "0x08",
                            "label": "Turn_Slow"
                        },
                        {
                            "code": "0x09",
                            "label": "Little_Turbulence"
                        },
                        {
                            "code": "0x0C",
                            "label": "Turn_Fast"
                        }
                    ]
                }
            ],
            "fifo_encodings": [
                {
                    "tag": "0x1C",
                    "id": "0x03BE",
                    "label": "F1_ABS_MEAN_ACC_V"
                },
                {
                    "tag": "0x1C",
                    "id": "0x03C0",
                    "label": "F2_MINIMUM_ACC_Z"
                },
                {
                    "tag": "0x1C",
                    "id": "0x03C2",
                    "label": "F3_ENERGY_GYR_Z"
                },
                {
                    "tag": "0x1C",
                    "id": "0x03C4",
                    "label": "F4_MEAN_GYR_Z"
                },
                {
                    "tag": "0x1C",
                    "id": "0x03C6",
                    "label": "F5_MINIMUM_GYR_Y"
                },
                {
                    "tag": "0x1C",
                    "id": "0x03C8",
                    "label": "F6_ENERGY_GYR_X"
                },
                {
                    "tag": "0x1C",
                    "id": "0x03CA",
                    "label": "F7_VARIANCE_GYR_Y"
                },
                {
                    "tag": "0x1C",
                    "id": "0x03CC",
                    "label": "F8_MEAN_ACC_Z"
                },
                {
                    "tag": "0x1C",
                    "id": "0x03CE",
                    "label": "F9_VARIANCE_GYR_Z"
                },
                {
                    "tag": "0x1C",
                    "id": "0x03D0",
                    "label": "F10_MAXIMUM_GYR_X"
                },
                {
                    "tag": "0x1C",
                    "id": "0x03D2",
                    "label": "F11_PEAK_TO_PEAK_GYR_X"
                },
                {
                    "tag": "0x1C",
                    "id": "0x03D4",
                    "label": "F12_MINIMUM_GYR_X"
                },
                {
                    "tag": "0x1C",
                    "id": "0x03D6",
                    "label": "F13_MEAN_GYR_X"
                },
                {
                    "tag": "0x1C",
                    "id": "0x03D8",
                    "label": "F14_MEAN_ACC_X"
                },
                {
                    "tag": "0x1C",
                    "id": "0x03DA",
                    "label": "F15_ABS_MEAN_GYR_V"
                }
            ],
            "configuration": [
                {
                    "type": "write",
                    "address": "0x10",
                    "data": "0x00"
                },
                {
                    "type": "write",
                    "address": "0x11",
                    "data": "0x00"
                },
                {
                    "type": "write",
                    "address": "0x01",
                    "data": "0x80"
                },
                {
                    "type": "write",
                    "address": "0x04",
                    "data": "0x00"
                },
                {
                    "type": "write",
                    "address": "0x05",
                    "data": "0x00"
                },
                {
                    "type": "write",
                    "address": "0x17",
                    "data": "0x40"
                },
                {
                    "type": "write",
                    "address": "0x02",
                    "data": "0x11"
                },
                {
                    "type": "write",
                    "address": "0x08",
                    "data": "0xE8"
                },
                {
                    "type": "write",
                    "address": "0x09",
                    "data": "0x00"
                },
                {
                    "type": "write",
                    "address": "0x09",
                    "data": "0x3C"
                },
                {
                    "type": "write",
                    "address": "0x02",
                    "data": "0x11"
                },
                {
                    "type": "write",
                    "address": "0x08",
                    "data": "0xF1"
                },
                {
                    "type": "write",
                    "address": "0x09",
                    "data": "0x01"
                },
                {
                    "type": "write",
                    "address": "0x02",
                    "data": "0x21"
                },
                {
                    "type": "write",
                    "address": "0x08",
                    "data": "0x00"
                },
                {
                    "type": "write",
                    "address": "0x09",
                    "data": "0x00"
                },
                {
                    "type": "write",
                    "address": "0x02",
                    "data": "0x11"
                },
                {
                    "type": "write",
                    "address": "0x08",
                    "data": "0xEA"
                },
                {
                    "type": "write",
                    "address": "0x09",
                    "data": "0xAA"
                },
                {
                    "type": "write",
                    "address": "0x09",
                    "data": "0x03"
                },
                {
                    "type": "write",
                    "address": "0x09",
                    "data": "0xBE"
                },
                {
                    "type": "write",
                    "address": "0x09",
                    "data": "0x03"
                },
                {
                    "type": "write",
                    "address": "0x09",
                    "data": "0x01"
                },
                {
                    "type": "write",
                    "address": "0x09",
                    "data": "0x00"
                },
                {
                    "type": "write",
                    "address": "0x09",
                    "data": "0x14"
                },
                {
                    "type": "write",
                    "address": "0x02",
                    "data": "0x11"
                },
                {
                    "type": "write",
                    "address": "0x08",
                    "data": "0xF2"
                },
                {
                    "type": "write",
                    "address": "0x09",
                    "data": "0xFF"
                },
                {
                    "type": "write",
                    "address": "0x02",
                    "data": "0x11"
                },
                {
                    "type": "write",
                    "address": "0x08",
                    "data": "0xFA"
                },
                {
                    "type": "write",
                    "address": "0x09",
                    "data": "0x5C"
                },
                {
                    "type": "write",
                    "address": "0x09",
                    "data": "0x03"
                },
                {
                    "type": "write",
                    "address": "0x09",
                    "data": "0xDC"
                },
                {
                    "type": "write",
                    "address": "0x09",
                    "data": "0x03"
                },
                {
                    "type": "write",
                    "address": "0x09",
                    "data": "0xE8"
                },
                {
                    "type": "write",
                    "address": "0x09",
                    "data": "0x03"
                },
                {
                    "type": "write",
                    "address": "0x02",
                    "data": "0x31"
                },
                {
                    "type": "write",
                    "address": "0x08",
                    "data": "0x5C"
                },
                {
                    "type": "write",
                    "address": "0x09",
                    "data": "0x3F"
                },
                {
                    "type": "write",
                    "address": "0x09",
                    "data": "0x00"
                },
                {
                    "type": "write",
                    "address": "0x09",
                    "data": "0x00"
                },
                {
                    "type": "write",
                    "address": "0x09",
                    "data": "0x90"
                },
                {
                    "type": "write",
                    "address": "0x09",
                    "data": "0x00"
                },
                {
                    "type": "write",
                    "address": "0x09",
                    "data": "0x00"
                },
                {
                    "type": "write",
                    "address": "0x09",
                    "data": "0x10"
                },
                {
                    "type": "write",
                    "address": "0x09",
                    "data": "0x0C"
                },
                {
                    "type": "write",
                    "address": "0x09",
                    "data": "0x00"
                },
                {
                    "type": "write",
                    "address": "0x09",
                    "data": "0xFC"
                },
                {
                    "type": "write",
                    "address": "0x09",
                    "data": "0x00"
                },
                {
                    "type": "write",
                    "address": "0x09",
                    "data": "0x7C"
                },
                {
                    "type": "write",
                    "address": "0x09",
                    "data": "0x02"
                },
                {
                    "type": "write",
                    "address": "0x09",
                    "data": "0x20"
                },
                {
                    "type": "write",
                    "address": "0x09",
                    "data": "0x00"
                },
                {
                    "type": "write",
                    "address": "0x09",
                    "data": "0x00"
                },
                {
                    "type": "write",
                    "address": "0x09",
                    "data": "0x00"
                },
                {
                    "type": "write",
                    "address": "0x09",
                    "data": "0x20"
                },
                {
                    "type": "write",
                    "address": "0x09",
                    "data": "0x00"
                },
                {
                    "type": "write",
                    "address": "0x09",
                    "data": "0x00"
                },
                {
                    "type": "write",
                    "address": "0x09",
                    "data": "0x10"
                },
                {
                    "type": "write",
                    "address": "0x09",
                    "data": "0x1C"
                },
                {
                    "type": "write",
                    "address": "0x09",
                    "data": "0x00"
                },
                {
                    "type": "write",
                    "address": "0x09",
                    "data": "0xFC"
                },
                {
                    "type": "write",
                    "address": "0x09",
                    "data": "0x00"
                },
                {
                    "type": "write",
                    "address": "0x09",
                    "data": "0x7C"
                },
                {
                    "type": "write",
                    "address": "0x09",
                    "data": "0x02"
                },
                {
                    "type": "write",
                    "address": "0x09",
                    "data": "0x18"
                },
                {
                    "type": "write",
                    "address": "0x09",
                    "data": "0x00"
                },
                {
                    "type": "write",
                    "address": "0x09",
                    "data": "0x00"
                },
                {
                    "type": "write",
                    "address": "0x09",
                    "data": "0x01"
                },
                {
                    "type": "write",
                    "address": "0x09",
                    "data": "0x1C"
                },
                {
                    "type": "write",
                    "address": "0x09",
                    "data": "0x00"
                },
                {
                    "type": "write",
                    "address": "0x09",
                    "data": "0x00"
                },
                {
                    "type": "write",
                    "address": "0x09",
                    "data": "0x00"
                },
                {
                    "type": "write",
                    "address": "0x09",
                    "data": "0x00"
                },
                {
                    "type": "write",
                    "address": "0x09",
                    "data": "0x00"
                },
                {
                    "type": "write",
                    "address": "0x09",
                    "data": "0x0C"
                },
                {
                    "type": "write",
                    "address": "0x09",
                    "data": "0x00"
                },
                {
                    "type": "write",
                    "address": "0x09",
                    "data": "0x00"
                },
                {
                    "type": "write",
                    "address": "0x09",
                    "data": "0x01"
                },
                {
                    "type": "write",
                    "address": "0x09",
                    "data": "0x20"
                },
                {
                    "type": "write",
                    "address": "0x09",
                    "data": "0x00"
                },
                {
                    "type": "write",
                    "address": "0x09",
                    "data": "0x00"
                },
                {
                    "type": "write",
                    "address": "0x09",
                    "data": "0x00"
                },
                {
                    "type": "write",
                    "address": "0x09",
                    "data": "0x00"
                },
                {
                    "type": "write",
                    "address": "0x09",
                    "data": "0x11"
                },
                {
                    "type": "write",
                    "address": "0x09",
                    "data": "0x18"
                },
                {
                    "type": "write",
                    "address": "0x09",
                    "data": "0x00"
                },
                {
                    "type": "write",
                    "address": "0x09",
                    "data": "0xFC"
                },
                {
                    "type": "write",
                    "address": "0x09",
                    "data": "0x00"
                },
                {
                    "type": "write",
                    "address": "0x09",
                    "data": "0x7C"
                },
                {
                    "type": "write",
                    "address": "0x09",
                    "data": "0x03"
                },
                {
                    "type": "write",
                    "address": "0x09",
                    "data": "0x18"
                },
                {
                    "type": "write",
                    "address": "0x09",
                    "data": "0x00"
                },
                {
                    "type": "write",
                    "address": "0x09",
                    "data": "0xFC"
                },
                {
                    "type": "write",
                    "address": "0x09",
                    "data": "0x00"
                },
                {
                    "type": "write",
                    "address": "0x09",
                    "data": "0x7C"
                },
                {
                    "type": "write",
                    "address": "0x09",
                    "data": "0x10"
                },
                {
                    "type": "write",
                    "address": "0x09",
                    "data": "0x18"
                },
                {
                    "type": "write",
                    "address": "0x09",
                    "data": "0x00"
                },
                {
                    "type": "write",
                    "address": "0x09",
                    "data": "0xFC"
                },
                {
                    "type": "write",
                    "address": "0x09",
                    "data": "0x00"
                },
                {
                    "type": "write",
                    "address": "0x09",
                    "data": "0x7C"
                },
                {
                    "type": "write",
                    "address": "0x09",
                    "data": "0x00"
                },
                {
                    "type": "write",
                    "address": "0x09",
                    "data": "0x18"
                },
                {
                    "type": "write",
                    "address": "0x09",
                    "data": "0x00"
                },
                {
                    "type": "write",
                    "address": "0x09",
                    "data": "0x00"
                },
                {
                    "type": "write",
                    "address": "0x09",
                    "data": "0x00"
                },
                {
                    "type": "write",
                    "address": "0x09",
                    "data": "0x04"
                },
                {
                    "type": "write",
                    "address": "0x09",
                    "data": "0x00"
                },
                {
                    "type": "write",
                    "address": "0x09",
                    "data": "0x00"
                },
                {
                    "type": "write",
                    "address": "0x09",
                    "data": "0x00"
                },
                {
                    "type": "write",
                    "address": "0x09",
                    "data": "0xA4"
                },
                {
                    "type": "write",
                    "address": "0x09",
                    "data": "0x00"
                },
                {
                    "type": "write",
                    "address": "0x09",
                    "data": "0x00"
                },
                {
                    "type": "write",
                    "address": "0x09",
                    "data": "0x1F"
                },
                {
                    "type": "write",
                    "address": "0x09",
                    "data": "0x00"
                },
                {
                    "type": "write",
                    "address": "0x02",
                    "data": "0x31"
                },
                {
                    "type": "write",
                    "address": "0x08",
                    "data": "0xDC"
                },
                {
                    "type": "write",
                    "address": "0x09",
                    "data": "0x00"
                },
                {
                    "type": "write",
                    "address": "0x09",
                    "data": "0x00"
                },
                {
                    "type": "write",
                    "address": "0x09",
                    "data": "0x00"
                },
                {
                    "type": "write",
                    "address": "0x09",
                    "data": "0x00"
                },
                {
                    "type": "write",
                    "address": "0x09",
                    "data": "0x00"
                },
                {
                    "type": "write",
                    "address": "0x09",
                    "data": "0x00"
                },
                {
                    "type": "write",
                    "address": "0x09",
                    "data": "0x00"
                },
                {
                    "type": "write",
                    "address": "0x09",
                    "data": "0x00"
                },
                {
                    "type": "write",
                    "address": "0x09",
                    "data": "0x00"
                },
                {
                    "type": "write",
                    "address": "0x09",
                    "data": "0x00"
                },
                {
                    "type": "write",
                    "address": "0x09",
                    "data": "0x00"
                },
                {
                    "type": "write",
                    "address": "0x01",
                    "data": "0x00"
                },
                {
                    "type": "write",
                    "address": "0x01",
                    "data": "0x80"
                },
                {
                    "type": "write",
                    "address": "0x17",
                    "data": "0x40"
                },
                {
                    "type": "write",
                    "address": "0x02",
                    "data": "0x31"
                },
                {
                    "type": "write",
                    "address": "0x08",
                    "data": "0xE8"
                },
                {
                    "type": "write",
                    "address": "0x09",
                    "data": "0x55"
                },
                {
                    "type": "write",
                    "address": "0x09",
                    "data": "0x50"
                },
                {
                    "type": "write",
                    "address": "0x09",
                    "data": "0x09"
                },
                {
                    "type": "write",
                    "address": "0x09",
                    "data": "0x85"
                },
                {
                    "type": "write",
                    "address": "0x09",
                    "data": "0x14"
                },
                {
                    "type": "write",
                    "address": "0x09",
                    "data": "0x32"
                },
                {
                    "type": "write",
                    "address": "0x09",
                    "data": "0x06"
                },
                {
                    "type": "write",
                    "address": "0x09",
                    "data": "0x8E"
                },
                {
                    "type": "write",
                    "address": "0x09",
                    "data": "0x22"
                },
                {
                    "type": "write",
                    "address": "0x09",
                    "data": "0x3B"
                },
                {
                    "type": "write",
                    "address": "0x09",
                    "data": "0x50"
                },
                {
                    "type": "write",
                    "address": "0x09",
                    "data": "0xA1"
                },
                {
                    "type": "write",
                    "address": "0x09",
                    "data": "0xF9"
                },
                {
                    "type": "write",
                    "address": "0x09",
                    "data": "0x2D"
                },
                {
                    "type": "write",
                    "address": "0x09",
                    "data": "0x00"
                },
                {
                    "type": "write",
                    "address": "0x09",
                    "data": "0xAE"
                },
                {
                    "type": "write",
                    "address": "0x09",
                    "data": "0x06"
                },
                {
                    "type": "write",
                    "address": "0x09",
                    "data": "0x3C"
                },
                {
                    "type": "write",
                    "address": "0x09",
                    "data": "0x40"
                },
                {
                    "type": "write",
                    "address": "0x09",
                    "data": "0xA0"
                },
                {
                    "type": "write",
                    "address": "0x09",
                    "data": "0x01"
                },
                {
                    "type": "write",
                    "address": "0x09",
                    "data": "0x3C"
                },
                {
                    "type": "write",
                    "address": "0x09",
                    "data": "0x09"
                },
                {
                    "type": "write",
                    "address": "0x09",
                    "data": "0xE0"
                },
                {
                    "type": "write",
                    "address": "0x02",
                    "data": "0x41"
                },
                {
                    "type": "write",
                    "address": "0x08",
                    "data": "0x00"
                },
                {
                    "type": "write",
                    "address": "0x09",
                    "data": "0xDB"
                },
                {
                    "type": "write",
                    "address": "0x09",
                    "data": "0x36"
                },
                {
                    "type": "write",
                    "address": "0x09",
                    "data": "0x74"
                },
                {
                    "type": "write",
                    "address": "0x09",
                    "data": "0xC1"
                },
                {
                    "type": "write",
                    "address": "0x09",
                    "data": "0xC8"
                },
                {
                    "type": "write",
                    "address": "0x09",
                    "data": "0x41"
                },
                {
                    "type": "write",
                    "address": "0x09",
                    "data": "0x80"
                },
                {
                    "type": "write",
                    "address": "0x09",
                    "data": "0xA2"
                },
                {
                    "type": "write",
                    "address": "0x09",
                    "data": "0x15"
                },
                {
                    "type": "write",
                    "address": "0x09",
                    "data": "0x3C"
                },
                {
                    "type": "write",
                    "address": "0x09",
                    "data": "0x48"
                },
                {
                    "type": "write",
                    "address": "0x09",
                    "data": "0xE0"
                },
                {
                    "type": "write",
                    "address": "0x09",
                    "data": "0x9E"
                },
                {
                    "type": "write",
                    "address": "0x09",
                    "data": "0x61"
                },
                {
                    "type": "write",
                    "address": "0x09",
                    "data": "0x90"
                },
                {
                    "type": "write",
                    "address": "0x09",
                    "data": "0xA5"
                },
                {
                    "type": "write",
                    "address": "0x09",
                    "data": "0x00"
                },
                {
                    "type": "write",
                    "address": "0x09",
                    "data": "0x5A"
                },
                {
                    "type": "write",
                    "address": "0x09",
                    "data": "0x0D"
                },
                {
                    "type": "write",
                    "address": "0x09",
                    "data": "0x82"
                },
                {
                    "type": "write",
                    "address": "0x09",
                    "data": "0x54"
                },
                {
                    "type": "write",
                    "address": "0x09",
                    "data": "0x3C"
                },
                {
                    "type": "write",
                    "address": "0x09",
                    "data": "0xC9"
                },
                {
                    "type": "write",
                    "address": "0x09",
                    "data": "0xC0"
                },
                {
                    "type": "write",
                    "address": "0x09",
                    "data": "0x0B"
                },
                {
                    "type": "write",
                    "address": "0x09",
                    "data": "0x15"
                },
                {
                    "type": "write",
                    "address": "0x09",
                    "data": "0x41"
                },
                {
                    "type": "write",
                    "address": "0x09",
                    "data": "0xED"
                },
                {
                    "type": "write",
                    "address": "0x09",
                    "data": "0x68"
                },
                {
                    "type": "write",
                    "address": "0x09",
                    "data": "0x30"
                },
                {
                    "type": "write",
                    "address": "0x09",
                    "data": "0xEC"
                },
                {
                    "type": "write",
                    "address": "0x09",
                    "data": "0xC8"
                },
                {
                    "type": "write",
                    "address": "0x09",
                    "data": "0x3F"
                },
                {
                    "type": "write",
                    "address": "0x09",
                    "data": "0xC2"
                },
                {
                    "type": "write",
                    "address": "0x09",
                    "data": "0x10"
                },
                {
                    "type": "write",
                    "address": "0x09",
                    "data": "0x8B"
                },
                {
                    "type": "write",
                    "address": "0x09",
                    "data": "0x40"
                },
                {
                    "type": "write",
                    "address": "0x09",
                    "data": "0x20"
                },
                {
                    "type": "write",
                    "address": "0x09",
                    "data": "0xC1"
                },
                {
                    "type": "write",
                    "address": "0x09",
                    "data": "0xE1"
                },
                {
                    "type": "write",
                    "address": "0x09",
                    "data": "0x40"
                },
                {
                    "type": "write",
                    "address": "0x09",
                    "data": "0x60"
                },
                {
                    "type": "write",
                    "address": "0x09",
                    "data": "0x94"
                },
                {
                    "type": "write",
                    "address": "0x09",
                    "data": "0xE2"
                },
                {
                    "type": "write",
                    "address": "0x01",
                    "data": "0x80"
                },
                {
                    "type": "write",
                    "address": "0x17",
                    "data": "0x00"
                },
                {
                    "type": "write",
                    "address": "0x04",
                    "data": "0x00"
                },
                {
                    "type": "write",
                    "address": "0x05",
                    "data": "0x10"
                },
                {
                    "type": "write",
                    "address": "0x02",
                    "data": "0x01"
                },
                {
                    "type": "write",
                    "address": "0x01",
                    "data": "0x00"
                },
                {
                    "type": "write",
                    "address": "0x5E",
                    "data": "0x02"
                },
                {
                    "type": "write",
                    "address": "0x01",
                    "data": "0x80"
                },
                {
                    "type": "write",
                    "address": "0x0D",
                    "data": "0x01"
                },
                {
                    "type": "write",
                    "address": "0x60",
                    "data": "0x45"
                },
                {
                    "type": "write",
                    "address": "0x45",
                    "data": "0x02"
                },
                {
                    "type": "write",
                    "address": "0x01",
                    "data": "0x00"
                },
                {
                    "type": "write",
                    "address": "0x10",
                    "data": "0x07"
                },
                {
                    "type": "write",
                    "address": "0x11",
                    "data": "0x07"
                },
                {
                    "type": "write",
                    "address": "0x15",
                    "data": "0x04"
                },
                {
                    "type": "write",
                    "address": "0x17",
                    "data": "0x03"
                }
            ]
        }
    ],
    "staiotcraft_info": {
        "project_name": "LICENSE_METRIC",
        "project_id": "2134888a-9c1f-4428-997f-6d5dbe3c093e",
        "model_name": "Aplha_Beta",
        "model_id": "bad85f24-30df-4270-b302-0eb4aaa4e8dc"
    }
}